worker,time,sentence0,,,,,,,,,,,sentence1,,,,,,,,,,,sentence2,,,,,,,,,,,sentence3,,,,,,,,,,,sentence4,,,,,,,,,,,sentence5,,,,,,,,,,,sentence6,,,,,,,,,,,sentence7,,,,,,,,,,,sentence8,,,,,,,,,,,sentence9,,,,,,,,,,,sentence10,,,,,,,,,,,sentence11,,,,,,,,,,,sentence12,,,,,,,,,,,sentence13,,,,,,,,,,,sentence14,,,,,,,,,,,sentence15,,,,,,,,,,,sentence16,,,,,,,,,,,sentence17,,,,,,,,,,,sentence18,,,,,,,,,,,sentence19,,,,,,,,,,,sentence20,,,,,,,,,,,sentence21,,,,,,,,,,,sentence22,,,,,,,,,,,sentence23,,,,,,,,,,,sentence24,,,,,,,,,,,sentence25,,,,,,,,,,,sentence26,,,,,,,,,,,sentence27,,,,,,,,,,,sentence28,,,,,,,,,,,sentence29,,,,,,,,,,,sentence30,,,,,,,,,,,sentence31,,,,,,,,,,,sentence32,,,,,,,,,,,sentence33,,,,,,,,,,,sentence34,,,,,,,,,,,sentence35,,,,,,,,,,,sentence36,,,,,,,,,,,sentence37,,,,,,,,,,,sentence38,,,,,,,,,,,sentence39,,,,,,,,,,,sentence40,,,,,,,,,,,sentence41,,,,,,,,,,,sentence42,,,,,,,,,,,sentence43,,,,,,,,,,,sentence44,,,,,,,,,,,sentence45,,,,,,,,,,,sentence46,,,,,,,,,,,sentence47,,,,,,,,,,,sentence48,,,,,,,,,,,sentence49,,,,,,,,,,,sentence50,,,,,,,,,,,sentence51,,,,,,,,,,,sentence52,,,,,,,,,,,sentence53,,,,,,,,,,,sentence54,,,,,,,,,,,sentence55,,,,,,,,,,,sentence56,,,,,,,,,,,sentence57,,,,,,,,,,,sentence58,,,,,,,,,,,sentence59,,,,,,,,,,,sentence60,,,,,,,,,,,sentence61,,,,,,,,,,,sentence62,,,,,,,,,,end
seina_N,456,,,,ikari,,,,,,,,,,,,aware,,,iya,,,,,,,ikari,aware,,,iya,,,,,,,ikari,,,,iya,takaburi,,,,,,ikari,aware,,,,takaburi,,,,suki,yasu,,,,,,,,,,suki,yasu,,,,,,,,,,suki,yasu,,aware,,,,,,,,,,,aware,,,,,,,,,,,aware,,,,,,,,suki,,,aware,,,,,,,,,,,aware,,,,,,,,,,,aware,,,,,,,,,yasu,,,,,,,,,,,yasu,,,,,,,,,,,,,aware,,,,,,,,,yasu,,,,,,,,,,,,,,,,,,,mu,,,,,,,,,,,mu,,,yasu,,,,,,,,,,suki,,,,,,,,,,,,,,,,,,,,mu,,suki,yasu,,,,,,,,,,suki,yasu,,,,,,,,,,,yasu,,,,,,,,,yorokobi,suki,yasu,,,,,,,,,yorokobi,suki,,,,,,,,,,,,,,,,,iya,,,,,suki,yasu,,,,,,,,,yorokobi,suki,yasu,,,,,,,,,yorokobi,suki,yasu,,,,,,,,,,,yasu,,,,,,,,,,suki,yasu,,,,,,,,,,,yasu,,,,,,,,,,,yasu,,,,,,,,,,suki,,,,,,,,,,yorokobi,suki,yasu,,,,,,,,,yorokobi,suki,yasu,,,,,,,,,yorokobi,suki,yasu,,,,,,,,,,,,,,,,,,odoroki,,,,,ikari,aware,,,iya,,,,,,,ikari,aware,,,,,,,,,,,aware,,,,,,,,,,ikari,aware,,,iya,,,,,,,ikari,,,,iya,takaburi,,,,,yasu,,,,,,,,,,,yasu,,,,,,,,,,suki,,,,,,,,,,,,,ikari,,,,iya,takaburi,,,,,,,,,haji,,,,,,suki,yasu,,,,,,,,,yorokobi,suki,yasu,,,,,,,,,,,,,aware,,,,,,,,suki,yasu,,,,,,,,,,,,,aware,,,iya,,,,,,,ikari,,,,iya,takaburi,,,,,,ikari,aware,,,iya,,,,,,,,,,,iya,takaburi,,,,,,ikari,aware,,,iya,,,,,,,ikari,aware,,,,,,,,,,,aware,,,iya,,,,,,,,,,haji,,,,,,suki,yasu,,,,,,,,
tantei105,385,yorokobi,suki,,,,,,,,,,,,,,aware,,,,,,,,,,,,,,,,,mu,,,,,,,,iya,,,,,,,,,,,iya,,,,yorokobi,suki,,,,,,,,,,,,,,,,,,,,mu,,,,,,,,,,,mu,,,,,aware,,,,,,,,,,,aware,,,,,,,,,,,,,,,,,mu,,,,ikari,,,,,,,,,,,,aware,,,,,,,,,,,aware,,,,,,,,,,,,,,,,,mu,,,,,,,,iya,,,,,,,,,,,,,,mu,,,,,,,,,,,mu,,,,,,,,,,,mu,,,,,,,,,,,mu,,,,,,,,,,,mu,,,,,,,,,,,mu,,,,,,,,,,,mu,,,,,,,,,,,mu,,,,,,,,,,,mu,yorokobi,suki,,,,,,,,,,,,,,,,,,,,mu,,,,,,,,iya,,,,,,yasu,,,,,,,,,,,,,,,,,,,mu,yorokobi,,yasu,,,,,,,,,,,,,,,,,,,mu,,,,,,,,,,,mu,,,,,,,,,,,mu,,,,,,,,,,,mu,yorokobi,suki,,,,,,,,,,yorokobi,suki,,,,,,,,,,yorokobi,,,,,,,,,,,yorokobi,,yasu,,,,,,,,,,,,,,,,,,,mu,,,,,aware,,,,,,,,,,,,,,,,,mu,,,,,aware,,,,,,,,,,ikari,,,,,,,,,,,,,,,,,,mu,,,,,,,,,,,mu,,,,,,,,,,,mu,,,,,,,,,,,mu,,,,ikari,,,,,,,,,,,,,,,,,,mu,,,,,,,,,,,mu,,,,,,,,,,,mu,,,,ikari,,,,,,,,,,,,,,,,,,mu,,,,ikari,,,,,,,,,,,ikari,,,,,,,,,,,ikari,,,,,,,,,,,ikari,,,,,,,,,,,,aware,,,,,,,,,,,aware,,,,,,,,,,,,,,iya,,,,,,,,,,,,,,mu,,,,,,,,,,,mu
chur,319,,suki,,,,,,,,,,,,,ikari,,,,,,,,,,,,,kowa,,,,,,,,,ikari,,,,,,,,,,,,aware,,,,,odoroki,,yorokobi,,,,,,,,,,,,,,,,,,,,,mu,,,,,aware,,,,,,,,,,,aware,,,,,,,,,,,aware,,,iya,,,,,,yasu,,aware,,,,,,,,,,ikari,,,,,,,,,,,,aware,,,,,,,,,,,aware,,,,,,,,,,,aware,,,,,,,,,,,aware,,,,,,,,,,,aware,,,,,,,,,,,aware,,,,,,,,,,,aware,,,,,,,,,,,aware,,,,,,,yorokobi,,,,,,,,takaburi,,,,,yasu,,,,,,,,,,,yasu,,,,,,,,,yorokobi,,yasu,,,,,,,,,,,,,,,,,,,mu,yorokobi,suki,yasu,,,,,,,,,yorokobi,suki,,,,,,,,,,,,,ikari,,,,iya,,,,,,,,,,,,,,mu,yorokobi,suki,yasu,,,,,,,,,yorokobi,suki,yasu,,,,,,,,,,,,,,,,,,,mu,,,,,,,,,,,mu,,,,,aware,,,,,,,,,,,aware,,,,,,,yorokobi,suki,yasu,,,,,,,,,yorokobi,suki,yasu,,,,,,,,,yorokobi,suki,,,,,,,,,,yorokobi,,,,,,,,,,,yorokobi,,,,,,,,,,,,,,,aware,,,,,,,,,,,aware,,,,,,,,,,,aware,kowa,haji,,,,,,,,,aware,,,,,,,,,,,aware,,,,,,,,,,,aware,,,iya,,,,,,yasu,,,,,,,,,yorokobi,,,,,,,,,,,,,yasu,,,,,,,,,,suki,yasu,,,,,,,,,,,yasu,ikari,,,,,,,,,,yasu,,,,,,,,,,,,,aware,,,,,,,,,yasu,,,,,,,,,,,,,,kowa,,,,,,,,,,,kowa,,,,,,,,,,,kowa,,,,,,,,,,aware,,,,,,,,,,,,kowa,,,,,,,,,,aware,kowa,,,,,,,,,,aware,,,,,,,,,,,,,,,,,mu,yorokobi,suki,yasu,,,,,,,,
daisuke_fujii_shiga,421,yorokobi,,,,,,,,takaburi,,,,,,ikari,aware,,,,,,,,,,ikari,aware,,,,,,,,,,,,,,iya,takaburi,,,,,,ikari,,,,,takaburi,,,yorokobi,suki,,,,,,,,,,,,,,,,,,,,mu,,,,,,,,,,,mu,,,,,aware,,,,,,,,,,,aware,,,,takaburi,,,,,yasu,,,,,,,,,,,,,aware,,,,,,,,,,,,,,,takaburi,,,,,,,aware,,,,,,,,,,,,,,,,,mu,,,,,aware,,,,,,,,,,,,,,,,,mu,,,,,aware,,,,,,,,,,,,,,,,odoroki,,,,,,,,haji,,,,,,,,,,,,,,odoroki,,,,,,,,,,takaburi,,,,,,,,,,,,,mu,,,,,,,,,takaburi,,,,,,,,,,,,,mu,yorokobi,suki,,,,,,,,,,,,,,,,,,,,mu,,,,,,,,iya,,,,,,,,,,,,,,mu,yorokobi,suki,,,,,,,,,,yorokobi,suki,yasu,,,,,,,,,,,,,,,,,,,mu,,,,,,,,,,,mu,,,,,,,,,,,mu,,,,,,,,,,,mu,yorokobi,suki,,,,,,,,,,yorokobi,suki,,,,,,,,,,,,yasu,,,,,,,,,,,yasu,,,,,,,,,,,,,,kowa,,,,,,,,,,,,,iya,,,,,,,ikari,,,,iya,,,,,,,,aware,,,,,,,,,,ikari,,,,,,,,,,,,,,,iya,takaburi,,,,,,,,,,,takaburi,,,,,,,aware,,,,,,,,,,,aware,,,,,,,,,,,,,,,takaburi,,,,,,ikari,,,,,,,,,,,,,,,,,,mu,,,,,,,,,,,mu,,,,,,,,iya,,,,,,,,,,,,,odoroki,,,,,ikari,,,,,,,,,,,ikari,,,,,,,,,,,,aware,,,,,,,,,,,aware,,,,,,,,,,,aware,,,,,,,,,,,aware,,,,,,,,,,,,,,iya,takaburi,,,,,,,,,haji,,,,,yorokobi,suki,,,,,,,,,
uesaka_motoki,374,,,yasu,,,,,,,,,,,,,aware,,,,,,,,,,,aware,,,,,,,,,,ikari,,,,,,,,,,,,aware,,,,,,,,suki,,,,,,,,,,,,,,aware,,,,,,,yorokobi,,,,,,,,,,,,,,,aware,,,,,,,,,,,aware,,,,,,,,,yasu,,,,,,,,,,,,,,kowa,,,,,,,,,,,kowa,,,,,,,,,,aware,,,,,,,,,,,,,,,takaburi,,,,,,,aware,,,,,,,,,,,aware,,,,,,,,,,,aware,,,,,,,,,,,,,,,,odoroki,,,,,,aware,,,,,,,,,,,,,,,,odoroki,,,,,,aware,,,,,,,,,,,aware,,,,,,,,suki,,,,,,,,,,,,,,aware,,,,,,,yorokobi,suki,,,,,,,,,,yorokobi,,,,,,,,,,,,,,,,,,iya,,,,,suki,,,aware,,,,,,,yorokobi,suki,,,,,,,,,,yorokobi,suki,yasu,,,,,,,,,yorokobi,suki,,,,,,,,,,,suki,yasu,,,,,,,,,,,yasu,,aware,,,,,,,,,,,aware,kowa,,,,,,,,yasu,,,,,,,,,yorokobi,suki,,,,,,,,,,yorokobi,suki,yasu,,,,,,,,,,,yasu,,,,,,,,,,,,,aware,,,,,,,,,,ikari,aware,kowa,,,,,,,,,,aware,,,,,odoroki,,,,,,aware,,,,,,,,,,ikari,,,haji,iya,takaburi,,,,,,ikari,aware,,,,,,,,,,,aware,,,,,,,,,,,aware,,,,,,,yorokobi,suki,,,,,,,,,,,,,ikari,,,,,,,,yorokobi,,,,,,,,takaburi,,,yorokobi,suki,,,,,,,,,,yorokobi,suki,yasu,,,,,,,,,,,,,,,,iya,,odoroki,,yorokobi,suki,,,,,,,,,,,,yasu,,,,,,,odoroki,,,,,,aware,,,iya,,,,,,,,aware,,,iya,,,,,,,,,,,iya,,,,,,,,aware,,,iya,,,,,,,,aware,,,iya,,,,,,,,aware,,,,,,,,,,,,,haji,,,,,yorokobi,suki,,,,,,,,,
kobayashi_t,936,yorokobi,suki,yasu,,,,,,takaburi,,,,,,,aware,,,,,odoroki,,,,,ikari,aware,kowa,,,,,,,,,ikari,,,,,takaburi,,,,,,ikari,aware,kowa,,,takaburi,,,yorokobi,suki,yasu,,,,,,,,,,,yasu,,aware,,,,,,,,suki,yasu,,,,,,takaburi,,,,,,,aware,,,,,,,,,,ikari,aware,,,,,,,yorokobi,suki,,,,,,,takaburi,,,,,,,,,,,takaburi,,,,suki,,,aware,,,,,,,,suki,,,aware,,,,,,,,suki,,,aware,,,,,,,,,,,aware,,,,,,,,,,,,,,,,,mu,,,,ikari,aware,,,,,,,yorokobi,,,,,,,,takaburi,odoroki,,yorokobi,,,,,,,,,,,yorokobi,,,,,,,,takaburi,odoroki,,,,,,aware,,,,,,,,,yasu,,,,,,,,,,,yasu,,aware,,,,,,,,,,,,,haji,,takaburi,,,yorokobi,suki,,,,,,,takaburi,odoroki,,yorokobi,suki,,,,,,,takaburi,,,yorokobi,,,ikari,,,,,,,,,,yasu,,,,,,,,,yorokobi,suki,,,,,,,takaburi,odoroki,,yorokobi,,yasu,,,,,,takaburi,odoroki,,yorokobi,,yasu,,,,,,,,,yorokobi,,yasu,,,,,,,,,yorokobi,,yasu,,,,,,takaburi,odoroki,,,,,,,,haji,,takaburi,,,yorokobi,suki,,,,,,,takaburi,,,yorokobi,suki,,,,,,,,,,yorokobi,suki,,,,,,,,,,yorokobi,suki,yasu,,,,,,takaburi,,,,,,,,,,,,odoroki,,,,,,aware,,haji,,,,,,,,ikari,aware,,,,,odoroki,,,,,,aware,kowa,,,,,,,,,ikari,,,,iya,,,,,,,ikari,,,,iya,,,,,,,,,,,,takaburi,,,yorokobi,,yasu,,,,,,,,,yorokobi,suki,,,,,,,,,,,suki,yasu,,,,,,,,,,,,,,,,,takaburi,,,yorokobi,,yasu,,,,,,,,,,,,,,,,,takaburi,,,,,,,,,haji,,,odoroki,,,,,,,,,,,odoroki,,,,,,,,,iya,,,,,,,,,,,,,,mu,,,,,aware,,,,,,,,,,,aware,,,,,,,,,,,aware,,,,,,,,,,ikari,aware,,,,,,,,,,,aware,,,,,,,yorokobi,suki,,,,,,,,,,yorokobi,,,,,,,,,,
grey,594,,suki,,,,,,,,odoroki,,,,,,aware,,,,takaburi,odoroki,,,,,ikari,aware,,,iya,,,,,,,ikari,,,,iya,,,,,,,,aware,,,,,,,,suki,,,aware,,,,,,,,,,,aware,,,,,,,,suki,,,,,,,,,,,,,ikari,aware,,,,,,,,,,,aware,kowa,,,,,,,suki,,,,,,,,,,,,,ikari,aware,,,,,,,,,,,aware,,,,,,,,,yasu,,aware,,,,,,,,,yasu,,,,,,,,,,,,,,,haji,iya,,,,,,,,aware,,,,,,,,,,,,kowa,haji,,,,,,,,,,,haji,iya,,,,,,yasu,,,,,,,,,,,,,,,,,takaburi,odoroki,,,,,,aware,,,,,,,,,yasu,,,,,,,,,,suki,,,,,,,,,,,,,,aware,kowa,,iya,,,,yorokobi,suki,,,,,,,,,,yorokobi,suki,,,,,,,,,,,,,,,,haji,,,,,,,yasu,,,,,,,,,yorokobi,suki,,,,,,,takaburi,,,yorokobi,suki,yasu,,,,,,,,,yorokobi,suki,yasu,,,,,,,,,yorokobi,suki,yasu,,,,,,,,,,,yasu,,aware,,,,,,,,,,ikari,,,,,,,,yorokobi,,,,,,,,,odoroki,,yorokobi,suki,,,,,,,,,,yorokobi,suki,,,,,,,,,,,,yasu,,,,,,,,,,,,,,,,,,odoroki,,,,,,aware,kowa,haji,iya,,,,,,,,aware,,,,,odoroki,,,,,,aware,,haji,iya,,,,,,,,,,,iya,takaburi,,,,,,,aware,,,,,,,,,,,aware,kowa,,,,,,,,yasu,,,,,,,,,,suki,yasu,,,,,,,,,,,,,,kowa,,iya,,,,,suki,,,,,,,takaburi,,,yorokobi,suki,yasu,,,,,,,,,yorokobi,suki,yasu,,,,,,,,,,,,,,,,,,odoroki,,,,,,,,,,,odoroki,,,,,,aware,,,iya,,,,,,,,aware,kowa,,iya,,,,,,,,aware,kowa,haji,iya,,,,,,,,aware,kowa,haji,iya,,,,,,,,,,,,,odoroki,,,,,,,,,,takaburi,odoroki,,,,,ikari,aware,,,,,,,,suki,,,,,,,,,,yorokobi,suki,,,,,,,,odoroki,
kanabunbun,629,yorokobi,,,,,,,,takaburi,,,,,,,aware,,,,,,,,,,ikari,,,,,,,,,,,ikari,,,,,,,,yorokobi,,,,,,,,takaburi,,,yorokobi,suki,,,,,,,,,,,suki,,,aware,,,,,,,yorokobi,suki,,,,,,,,,,,,,,aware,,,,,,,,,,,,kowa,,,,,,yorokobi,,,,,,,,,,,,,,,aware,,,,,,,,,,,,,,,,,mu,,,,,,,,,,,mu,,,,,,,,,,,mu,,,,,aware,,,,,,,,,,,,,,,,,mu,,,,,,,,,,,mu,,,,,,,,,,,mu,yorokobi,,,,,,,,,,,yorokobi,,,,,,,,takaburi,odoroki,,,,,,aware,,,,,,,yorokobi,,,,,,,,,,,yorokobi,,,,,,,,,,,,,,,,,,,,,mu,yorokobi,suki,,,,,,,,,,yorokobi,,,,,,,,,,,,,,,,,,,,,mu,,,yasu,,,,,,,,,yorokobi,,,,,,,,,,,yorokobi,,yasu,,,,,,,,,,,,,,,,,,,mu,,,yasu,,,,,,,,,yorokobi,,,,,,,,takaburi,,,,,,,,,,,,,mu,yorokobi,suki,,,,,,,,,,yorokobi,suki,,,,,,,,,,yorokobi,,,,,,,,,,,yorokobi,,,,,,,,,,,,,,,,,,,,odoroki,,,,,,aware,kowa,,,,,,,,,,,kowa,,,,,,,,,,aware,kowa,,,,,,,,,,,,,iya,,,,,,,,,,,iya,takaburi,,,,,,,,,,,,,mu,,,yasu,,,,,,,,,yorokobi,,,,,,,,,,,,,,,,,,,,,mu,,,,,,,,,takaburi,,,,,,,,,,,,,mu,yorokobi,,yasu,,,,,,,,,,,,,,,,iya,,,,,,,,,,,,takaburi,,,,,,,,,,,,,mu,,,,,,,,,,,mu,,,,,,,,,,,mu,,,,,,,,,,,mu,,,,,,kowa,,,takaburi,,,,,,,,,,,takaburi,,,,,,,,,,,takaburi,,,,,,,,,,,,,mu,yorokobi,,,,,,,,,,
goro73,792,yorokobi,suki,yasu,,,,,,,,,,,,ikari,aware,,,,,,,,,,ikari,,,,iya,,,,,,,ikari,,,,iya,takaburi,odoroki,,,,,ikari,aware,kowa,,,,odoroki,,yorokobi,suki,,,aware,,,,,,,,suki,,,aware,,,,,,,yorokobi,suki,,,,,,,,,,,suki,,,aware,,,,,,,,,,,aware,,,,,,,,suki,yasu,,,,,,,,,,,,ikari,,,,,,odoroki,,,,,,aware,,,,,,,,suki,,,aware,,,,,,,,,,,,,,,,,mu,,,,,aware,,haji,,,,,,,,,,,,,,,mu,,,,,,,,,takaburi,odoroki,,,,,,,,,,,odoroki,,,,yasu,,,,,iya,takaburi,,,yorokobi,,,,,,,,,odoroki,,,,,,,,haji,iya,,,,,,,,,,haji,iya,,,,,,,,,,haji,iya,,,,,suki,,,,,,,,,,yorokobi,suki,,,,,,,,odoroki,,yorokobi,suki,,,,,,,,,,,,,,,,,,,odoroki,,,suki,,,,,,,,,,yorokobi,suki,,,,,,,,odoroki,,,suki,yasu,,,,,,,odoroki,,,suki,,,,,,,,,,,,yasu,,,,,,,,,yorokobi,,yasu,,,,,,,,,,,,,,kowa,,,,,,,suki,,,,,,,,odoroki,,,suki,,,,,,,,,,yorokobi,suki,,,,,,,,,,yorokobi,,,,,,,,,,,,,,,,kowa,,,,odoroki,,,,,,aware,kowa,,,,,,,,,ikari,aware,,,,,odoroki,,,,,,aware,,haji,,,,,,,,ikari,,,,,,,,,,,ikari,,,,,,,,,,,,,kowa,,,,,,,,,,aware,,,,,,,,suki,,,aware,,,,,,,,,,,,,,,,,mu,yorokobi,,,,,kowa,,,,odoroki,,,suki,,,,,,,,,,,suki,,,,kowa,,,,,,,,,ikari,,,,,,odoroki,,,,,,,kowa,,,,,,,,,ikari,,,,iya,,,,,,,,,,,iya,takaburi,,,,,,,,,,iya,,,,,,,,,,,iya,,,,,,,ikari,aware,kowa,,iya,,,,,,,ikari,aware,kowa,,iya,,,,,,,,,,,,takaburi,,,,suki,,,,,,,,,,yorokobi,,,,,,,,,,
yamachan0102,860,,,,,,,,,takaburi,odoroki,,,,,,aware,,,,,,,,,,ikari,,,,,,,,,,,ikari,,,,,takaburi,,,,,,,,,,,,,mu,,suki,yasu,,,,,,,,,,,,,,,,,,,mu,,,,,,,,,,,mu,,,,,aware,,,,,,,,,,,aware,kowa,,,,,,,,,,,,,,,,mu,,,,,aware,,,,,,,,,,,,,,,,,mu,,,,,,,,,,,mu,,,,,,,,,,,mu,,,,,aware,kowa,,,,,,,,,,,,,,,,mu,,,,,,,,iya,,,,,suki,,,,,,,,,,,suki,,,,,,,,,,yorokobi,,,,,,,,,odoroki,,,,,,,,,,,,mu,,,,,,,,,,,mu,,,yasu,,,,,,,,,,,,,,,,,,,mu,yorokobi,suki,,,,,,,,,,yorokobi,suki,,,,,,,,,,,,,,,,,,takaburi,,,,suki,yasu,,,,,,,,,yorokobi,suki,yasu,,,,,,takaburi,,,yorokobi,suki,yasu,,,,,,,,,,suki,,,,,,,,,,,,,,,,,,takaburi,,,,,,,,,,,takaburi,,,,,yasu,,,,,,,,,,suki,,,,,,,,,,yorokobi,suki,,,,,,,,,,,suki,,,,,,,,,,yorokobi,suki,yasu,,,,,,,,,,,,,,,,,,odoroki,,,,,,aware,,,,,,,,,,,aware,,,,,,,,,,,aware,,,,,,,,,,ikari,,,,iya,,,,,,,ikari,,,,,,,,,,,,,,,,takaburi,,,,,,,,,,,,,mu,,suki,yasu,,,,,,,,,,suki,,,,,,,,,,yorokobi,suki,,,,,,,,,,,suki,,,,,,,,,,,,,,,,,,takaburi,,,,,,,aware,,,iya,,,,,,,,,,,,takaburi,,,,,,,,,,iya,,,,,,,,,kowa,,iya,,,,,,,,,,,iya,,,,,,,,,,,iya,,,,,,,,aware,,,,,,,,,,,aware,,,,,,,,,,,aware,,,,,,,,,,,,,,,,,mu,,suki,,,,,,,,,
pandazono,907,yorokobi,suki,yasu,,aware,,,,,,,,,,,aware,,,iya,,odoroki,,,,,ikari,aware,kowa,,iya,takaburi,odoroki,,,,,ikari,,,,iya,takaburi,,,,,,ikari,aware,,,iya,,,,,suki,,,aware,,,,,,,,suki,yasu,,aware,,,,,,,,suki,yasu,,,,,,,,,,,,,aware,,,,,,,,,,,aware,kowa,,iya,,,,,suki,,,,,,,takaburi,,,,,,,,kowa,,iya,takaburi,odoroki,,,,,,aware,,,,takaburi,,,,,,,aware,,,,,,,,,,,,,,,takaburi,,,,,,,aware,,haji,,,,,,,,,,,,,takaburi,,,,,,,aware,,haji,,takaburi,,,,,,,aware,,haji,,,odoroki,,,,,,,,haji,,takaburi,,,yorokobi,suki,,,,,,,takaburi,odoroki,,,suki,,,,,,,takaburi,,,,suki,yasu,,,,,,takaburi,,,,suki,yasu,,,,,,takaburi,,,,,,,,,haji,,takaburi,,,yorokobi,suki,yasu,,,,,,,,,,suki,,,,,,,takaburi,,,,,,ikari,,,,,takaburi,,,,suki,,,aware,,,,,,,yorokobi,suki,,,,,,,takaburi,odoroki,,yorokobi,,,,,,,,takaburi,odoroki,,,suki,yasu,,,,,,,,,,suki,yasu,,,,,,,,,yorokobi,suki,yasu,,,,,,takaburi,,,,suki,,,,,haji,,takaburi,,,yorokobi,suki,yasu,,,,,,,,,yorokobi,suki,yasu,,,,,,,,,yorokobi,suki,yasu,,,,,,takaburi,,,yorokobi,suki,yasu,,,,,,takaburi,odoroki,,,,,,aware,kowa,,,,odoroki,,,,,,aware,kowa,haji,iya,,,,,,,,aware,,,,takaburi,odoroki,,,,,ikari,aware,kowa,haji,,,,,,,,ikari,,,,iya,takaburi,,,,,,ikari,,,,iya,takaburi,,,,,,,aware,kowa,,,takaburi,,,,,,,,,,,takaburi,,,,suki,yasu,,,,,,takaburi,,,,,,,aware,,,,takaburi,,,yorokobi,suki,yasu,,,,,,takaburi,,,yorokobi,suki,yasu,,,,,,,,,yorokobi,suki,yasu,,,,,,takaburi,,,,,,,aware,,,iya,,,,,,,ikari,aware,kowa,,,takaburi,odoroki,,,,,ikari,,,,iya,,,,,,,ikari,aware,,,iya,,,,,,,ikari,aware,,,,,,,,,,ikari,aware,,,,,,,,,,,aware,,,,,odoroki,,,,,,aware,,,iya,takaburi,,,,,,,aware,,haji,,,,,,suki,yasu,,,,,,,,,yorokobi,suki,yasu,,,,,,,odoroki,
zuzi,564,,,,,,,,,takaburi,odoroki,,,,,,aware,,,,,,,,,,ikari,,,,iya,,,,,,,ikari,,,,iya,,,,,,,ikari,,,,,takaburi,,,yorokobi,suki,,,,,,,,,,,,,,,,,,,,mu,yorokobi,suki,,,,,,,,,,,,,,aware,,,,,,,,,,,aware,,,,,,,,,,,aware,,,,,,,,,,,aware,,,,takaburi,,,,,,,aware,,,,,,,,,,,,,,,,,mu,,,,,,,,,,,mu,,,,,,,,,,,mu,,,,,,,,,,,mu,,,,,,,,,,,mu,,suki,,,,,,,,,,,,,ikari,,,,,,,,,,,,,,,,takaburi,,,,,yasu,,,,,,,,,,suki,,,,,,,,,,,,yasu,,,,,,,,,,,,,,,,,,,mu,,suki,,,,,,,,,,,suki,,,,,,,,,,,,,,,,,iya,,,,,,yasu,,,,,,,,,yorokobi,,,,,,,,takaburi,,,yorokobi,suki,yasu,,,,,,,,,yorokobi,suki,yasu,,,,,,,,,yorokobi,suki,yasu,,,,,,,,,,,yasu,,,,,,,,,,suki,yasu,,,,,,,,,yorokobi,suki,yasu,,,,,,,,,yorokobi,suki,yasu,,,,,,,,,yorokobi,,,,,,,,,,,yorokobi,,,,,,,,,,,,,,,,,,,,odoroki,,,,,,aware,,,iya,,,,,,,,,,,,,odoroki,,,,,,aware,,,iya,,,,,,yasu,,,,,,takaburi,,,,,,,,,,iya,,,,,,,,,,,,takaburi,,,,,yasu,,,,,,,,,,suki,,,,,,,,,,,,,,,,,,,,mu,,suki,,,,,,,,,,yorokobi,,,,,,,,,,,,suki,,,,,,,,,,,,,,,,,,,odoroki,,,suki,,,,,,,,,,,,,,,,,iya,,,,,,,,,,,iya,,,,,,,,,,,iya,,,,,,,,,,,iya,,,,,,,,aware,,,,,,,,,,,aware,,,,takaburi,,,,,,,,,,iya,,,,,,,,,,,,,,mu,,suki,,,,,,,,,
kaykojima,863,yorokobi,suki,,,,,,,,odoroki,,,suki,,,aware,,,,,odoroki,,,,,ikari,,,,,,,,,,,ikari,,,,,,,,,,yasu,,,,,,,,,yorokobi,suki,yasu,,,,,,,,,,,yasu,,,,,,,,,yorokobi,suki,,,,,,,,,,,suki,,,aware,,,,,,,,suki,,,aware,,,,,,,yorokobi,suki,,,aware,,,,,,,,,,,,,,,,,mu,,suki,,,aware,,,,,,,,,,,aware,,,,,,,,,,,,,,,,,mu,,,,,,,,,,odoroki,,,,,,,,,,,,mu,,,,,,,,,,odoroki,,,,,,,,,,,odoroki,,,,,,,,,,,,mu,yorokobi,suki,,,,,,,,odoroki,,,,,,,,,,,,mu,,,,,,,,,,,mu,yorokobi,,yasu,,,,,,,,,,,,,,,,,,,mu,yorokobi,suki,,,,,,,,,,yorokobi,suki,,,,,,,,,,,,,ikari,,,,iya,,,,,,yasu,,,,,,,,,yorokobi,,,,,,,,,,,yorokobi,,yasu,,,,,,,,,,,yasu,,,,,,,,,,,,,,,,,,,mu,yorokobi,,yasu,,,,,,,,,,,,,,,,,,,mu,,suki,,,,,,,,odoroki,,,suki,,,,,,,,,,yorokobi,suki,,,,,,,,,,yorokobi,,yasu,,,,,,,,,,,,,,,,,,odoroki,,,,,,aware,,haji,,,,,,,,ikari,aware,,,,,odoroki,,,,,,aware,,haji,,,,,,,yasu,ikari,aware,,haji,,,,,,,,ikari,aware,,haji,,,,,,,,,aware,,,,,,,,suki,,,aware,,,,,,,,,,,aware,,,,,,,,,,,,,,,,,mu,,,,,,,,,takaburi,,,yorokobi,,,,,,,,,,,yorokobi,suki,yasu,,,,,,,,,,,,,,,,,,odoroki,,,,yasu,,,,,,,,,,,,,aware,,,,,,,,,,,aware,,,,,,,,,,,aware,,,,,,,,,,,aware,,,,,,,,,,ikari,aware,,,,,odoroki,,,,,,aware,,,,,,,,,,,aware,,,,,,,,,,,,,,,,,mu,,suki,,,,,,,,,
stuckinchubby,784,yorokobi,,,,,,,,,,,,,,,aware,,,,,,,,,,ikari,,,,iya,,,,,,,ikari,,,,iya,,,,,,,,,,,,,,mu,,suki,,,,,,,,,,,,yasu,,,,,,,,,,suki,,,,,,,,,,,,,,aware,,,,,,,,,,,aware,,,,,,,,,yasu,,,,,,,,,,,,,aware,,,,,,,,,,,aware,,,,,,,,,,,aware,,,,,,,,,,,,,,,,,mu,,,,,aware,,,,,,,,,,,,,,,,,mu,,,,,,,,,,,mu,,,,,,,,,,odoroki,,,suki,,,,,,,,,,,,,,,,,,,odoroki,,,,,,aware,,,,,,,yorokobi,,,,,,,,,,,yorokobi,,,,,,,,,,,,,,,,kowa,,,,,,yorokobi,suki,,,,,,,,,,yorokobi,suki,,,,,,,,,,,,,,,,,iya,,,,,suki,yasu,,,,,,,,,yorokobi,,,,,,,,takaburi,,,yorokobi,,,,,,,,,odoroki,,,,yasu,,,,,,,,,yorokobi,,,,,,,,,,,yorokobi,,,,,,,,takaburi,,,,,,,,,,,takaburi,,,yorokobi,suki,,,,,,,,,,yorokobi,suki,,,,,,,,,,yorokobi,,,,,,,,,,,,,yasu,,,,,,,,,,,,,,kowa,,,,,,,,,,aware,,,,,,,,,,,aware,,,,,,,,,,,aware,,,,,,,,,,,,kowa,,iya,,,,,,,,aware,,haji,,,,,,,,,,,,,takaburi,,,,suki,,,,,,,,,,yorokobi,suki,,,,,,,,,,,,,,,,,,,,mu,yorokobi,,,,,,,iya,,,,yorokobi,,,,,,,,,,,yorokobi,suki,,,,,,,,,,,,,,,,,iya,takaburi,,,,suki,,,,,,,,,,,,,,,,,iya,,,,,,,,,,,iya,,,,,,,,aware,,,iya,,,,,,,,aware,,,iya,,,,,,,,aware,,,,,,,,,,,aware,,,,,,,,,,,aware,,,,,,,,,,,,,haji,,,,,yorokobi,suki,yasu,,,,,,,,
ayaka_8,591,yorokobi,,yasu,,,,,,,,,,,,,aware,,,,,,,,,,,aware,,,iya,,,,,,,,,kowa,,,,,,,,,,aware,,,,,,,yorokobi,suki,yasu,,,,,,,,,,,,,aware,,,,,,,,,yasu,,,,,,,,,,,,,aware,,,,,,,,,,,aware,,,,,,,,suki,,,,,,,,,,,,,,aware,,,,,,,,,,,aware,,,,,,,,,,,aware,,,,,,,,,,,aware,,,,,,,,,,,aware,,,,,,,,,,,,,,,,,mu,,,,,,,,,,,mu,,,,,,,,,,odoroki,,,,,,,,,,,,mu,,,,,,,,,takaburi,odoroki,,,,,,aware,,,,,,,,,,,,,,,,,mu,,,,,,,,,,,mu,,,yasu,,,,,,,,,yorokobi,suki,,,,,,,,,,yorokobi,suki,,,,,,,,,,,,yasu,,,,,,,,,yorokobi,,yasu,,,,,,,,,yorokobi,suki,,,,,,,,,,yorokobi,suki,yasu,,,,,,,,,yorokobi,suki,,,,,,,,,,,,,,,,,,,,mu,yorokobi,,yasu,,,,,,,,,,,,,,,,,,,mu,yorokobi,suki,,,,,,,,,,,suki,,,,,,,,,,yorokobi,,yasu,,,,,,,,,yorokobi,,yasu,,,,,,,,,,,,,,,,,,,mu,,,,,aware,kowa,,,,,,,,,,aware,,,,,,,,,,,aware,kowa,,,,,,,,,ikari,,,,iya,,,,,,,ikari,,,,iya,takaburi,,,,,,,aware,,,,,,,,,,,,,,iya,,,,,,,,aware,,,,,,,,,,,,,,,takaburi,,,,,,,,,,,takaburi,,,yorokobi,,,,,,,,,,,yorokobi,suki,,,,,,,,,,,,,,aware,,,,,odoroki,,yorokobi,suki,,,,,,,,,,,,,ikari,,,,iya,,,,,,,ikari,,,,iya,,,,,,,,aware,,,,,,,,,,,aware,,,,,,,,,,,aware,,,iya,,,,,,,,aware,,,,,,,,,,,aware,,,,,,,,,,,,,,,,,mu,,suki,,,,,,,,,
kurokohaku,935,yorokobi,,,,,,,,takaburi,,,,,,ikari,,,,,,,,,,,ikari,aware,,,,,,,,,,ikari,,,,,takaburi,,,,,,,,,,,takaburi,,,yorokobi,suki,,,,,,,,,,,,yasu,,,,,,,,,yorokobi,suki,,,,,,,,,,,,,,aware,,,,,,,,,,,aware,kowa,,,,,,,,,,aware,,,,takaburi,,,,,,,aware,kowa,,,,,,,,yasu,,,kowa,,,,,,,,yasu,,,kowa,,,,,,,,,,,kowa,,,,,,,,,,aware,,haji,,,,,,,,,,kowa,,,,,,,,,,,,,,,odoroki,,,,,,,,,,,odoroki,,,,,,,,haji,,,,,yorokobi,,,,,,,,,odoroki,,,,yasu,,,kowa,,,,,,,,yasu,,,,,,,,,,,,,,,,,takaburi,,,,,,,,,,,takaburi,,,yorokobi,suki,,,,,,,,,,yorokobi,,,,,,,,,,,,,,,,,,iya,,,,,,yasu,,,kowa,,,,,,yorokobi,,,,,,,,,,,yorokobi,,,,,,,,,,,yorokobi,,,,,,,,,,,yorokobi,,yasu,,,,,,,,,yorokobi,,,,,,,,takaburi,,,,,,,,,,,takaburi,,,yorokobi,suki,,,,,,,,,,yorokobi,suki,,,,,,,,,,yorokobi,suki,,,,,,,,,,yorokobi,,,,,,,,,,,,,,,,,,,,odoroki,,,,,,aware,,,,,,,,,,ikari,,,,,,odoroki,,,,,,aware,,,,,,,,,,ikari,,,,,takaburi,,,,,,ikari,,,,,takaburi,,,,,,,,kowa,,,takaburi,,,,,yasu,,,,,,,,,,,,,,kowa,,,takaburi,,,,,yasu,,,,,,,,,,,,,,,,,takaburi,,,yorokobi,suki,yasu,,,,,,,,,yorokobi,,,,,,,,takaburi,,,,,,,,,,iya,,odoroki,,,,,,,kowa,,,,,,,,,ikari,,,,,,,,,,,ikari,,kowa,,,,,,,,,ikari,aware,,,,,,,,,,,aware,kowa,,,,,,,,,ikari,aware,kowa,,,takaburi,,,,,,,aware,kowa,,,,,,,,,,,kowa,,,,,,,,,,,,,,,,mu,yorokobi,,,,,,,,takaburi,,
qrl1,952,,,yasu,,,,,,,,,,,,,aware,,,,,,,,,,,,,,iya,,,,,,,ikari,,,,,,,,,,yasu,,aware,,,,takaburi,,,,suki,yasu,,,,,,,,,,,yasu,,,,,,,,,,,yasu,,,,,,,,,,,,,aware,kowa,,,,,,,,,,aware,kowa,,,,,,,,,,aware,kowa,,,,,,,,,,,kowa,,,takaburi,,,,,,,aware,kowa,,,,,,,,,,,kowa,,,,,,,,,,,,,,,,mu,,suki,,,aware,,,,,,,,,,,,,,,,,mu,,,,,,,,,,odoroki,,,,yasu,,,,,,,,,,,,,,,,,,,mu,,,,,,,,,,odoroki,,,,,,aware,kowa,,,,,,,,yasu,,,,,,,,,,,yasu,,,kowa,,,,,,,,,,,kowa,,,,,,,suki,yasu,,,,,,,,,,,yasu,,,,,,,,,,,,,,,,iya,,,,,,yasu,,,,,,,,,,,yasu,,,,,,,,,yorokobi,,yasu,,,,haji,,,,,,,yasu,,,,,,,,,,,yasu,,,kowa,,,,,,,,yasu,,,kowa,,,,,,,,yasu,,,,,,,,,,suki,yasu,,,,,,,,,,suki,yasu,,,,,,,,,yorokobi,,yasu,,,,,,,,,yorokobi,,yasu,,,,,,,,,,,,,,,,,,odoroki,,,,,,aware,,,,,,,,,,,,,,,,odoroki,,,,,,aware,,,,,,,,,,ikari,,,,,,,,,,,ikari,,,,,,,,,,,,,kowa,,,,,,,,,ikari,,kowa,,,,,,,,yasu,,,kowa,,,,,,,,,,,,,iya,,,,,,yasu,,,,,,,,,,,yasu,,,,,,,,,,,yasu,,,,,,,,,,,,,,,,,,odoroki,,,,yasu,,,,,,,,,,,,ikari,,,,,,,,,,yasu,,,,,,,,,,,,,aware,,,,,,,,,,,aware,,,,,,,,,,,aware,,,,takaburi,,,,,,,aware,,,,,,,,,,,,,,,takaburi,,,,,,,,,,,takaburi,,,yorokobi,,yasu,,,,,,,,
tokyosanf8,1082,,,,,,,,,takaburi,,,,,,,aware,,,,,,,,,,,aware,kowa,,,,,,,,,ikari,,,,,,,,,,yasu,ikari,,,,,,,,yorokobi,suki,,,,,,,,,,,,yasu,,,,,,,,,,,yasu,,,,,,,,,,,,,aware,,,,,,,,,,,aware,,,,,,,,,,,,,,,,,mu,,,,,aware,,,,,,,,,,,,,,,,,mu,,,yasu,,,,,,,,,,,,,,,,,,,mu,,,,,aware,,,,,,,,,,,,,,,,,mu,,,,,aware,,,,,,,,,,,,,,,,odoroki,,,,yasu,,,,,,,,,yorokobi,suki,,,,,,,takaburi,odoroki,,,,,,,,,,,,mu,yorokobi,,,,,,,,takaburi,,,yorokobi,,,,,,,,takaburi,,,,,,,,,,,,,mu,yorokobi,suki,,,,,,,,,,,,,,,,,,,,mu,,,,,,,,iya,,,,,,yasu,,,,,,takaburi,,,yorokobi,suki,,,,,,,takaburi,,,yorokobi,,yasu,,,,,,,,,,,,,,,,,,,mu,,,yasu,,,,,,,,,yorokobi,,yasu,,,,,,takaburi,,,,,,,,,,,,,mu,yorokobi,suki,,,,,,,takaburi,,,yorokobi,suki,,,,,,,,,,yorokobi,suki,,,,,,,,,,yorokobi,,yasu,,,,,,takaburi,,,,,,,,,,,,odoroki,,,,,,aware,,,,,,,,,,,,,,,,odoroki,,,,,,aware,,,,,,,,,,ikari,,,,,takaburi,,,,,,ikari,,,,,takaburi,,,,,,,,,,,,,mu,yorokobi,,,,,,,,,,,,suki,,,,,,,,,,,,,,,,,,,,mu,,,,,,,,,takaburi,,,,,yasu,,,,,,,,,yorokobi,,yasu,,,,,,takaburi,,,,,,,aware,,,,,odoroki,,,,yasu,,,,,,,,,,,,ikari,,,,,takaburi,,,,,,ikari,,,,,takaburi,,,,,,,aware,,,,,,,,,,,aware,,,iya,,,,,,,ikari,aware,,,,,,,,,,,aware,,,iya,,,,,,,,,,,iya,,,,,,,,,,,,,,mu,yorokobi,suki,,,,,,,takaburi,,
chokokun,608,yorokobi,,,,,,,,,,,,,,ikari,,,,,,,,,,,ikari,,,,,,,,,,,ikari,,,,,,,,,,,,aware,,,,,,,yorokobi,,,,,,,,,,,,,,,,,,,,,mu,,,,,aware,,,,,,,,,,,aware,,,,,,,,,,,aware,,,,,,,,,,,aware,,,,,,,,,,,,,,,,,mu,,,,,,,,,,,mu,,,yasu,,,,,,,,,,,,,,,,,,,mu,,,,,aware,,,,,,,,,,,,,,,,,mu,,,,,,,,iya,,,,,,,,,,,,,odoroki,,yorokobi,,,,,,,,,,,,,,,,,,,,odoroki,,,,,,,,,,,,mu,,,,,,,,,,,mu,yorokobi,,,,,,,,,,,,,,,,,,,,,mu,,suki,,,,,,,,,,yorokobi,suki,,,,,,,,,,,,,,,,,iya,,,,,,,,,,,,,,mu,,,,,,,,,takaburi,,,yorokobi,,,,,,,,,,,,,yasu,,,,,,,,,,,yasu,,,,,,,,,,,,,aware,,,,,,,,,,,,,,,,,mu,,suki,,,,,,,,,,,suki,,,,,,,,,,yorokobi,,,,,,,,,,,yorokobi,,,,,,,,,,,,,,,,,,iya,,,,,,,,aware,,,,,,,,,,,aware,,,,,,,,,,,aware,,,,,,,,,,ikari,,,,,,,,,,,ikari,,,,,,,,,,,,aware,,,,,,,,,,,,,,,,,mu,,,,,aware,,,,,,,,,,,,,,,,,mu,,,,,,,,,,,mu,,,yasu,,,,,,,,,,,yasu,,,,,,,,,,,,,,,,,,,mu,,suki,,,,,,,,,,,,,,,,,,,,mu,,,,,,,,iya,,,,,,,,aware,,,,,,,,,,,aware,,,,,,,,,,,aware,,,,,,,,,,,aware,,,,,,,,,,,,,,iya,,,,,,,,,,,,,,mu,,suki,,,,,,,,,
amks,802,,suki,,,,,,,,,,,,,ikari,aware,,,,,,,,,,ikari,,,,,takaburi,,,,,,ikari,,,,,,,,,,,,,,,,,,mu,,suki,yasu,,,,,,,,,,,yasu,,,,,,,,,,suki,yasu,,aware,,,,,,,,,,,aware,,,,,,,,,,,aware,,,,,,,,suki,,,,,,,,,,,,,ikari,aware,,,,,,,,,,,aware,,,,,,,,,yasu,,,,,,,,,,,,,aware,,,,,,,,,,,aware,,,,,,,,,,,aware,,,,,,,,,,ikari,,,,iya,,,,,,,,,,,,,odoroki,,,,yasu,,,,,,,,,,,,,,,,,,odoroki,,,,,,aware,,,,,,,,,,,aware,,,,,,,,,yasu,,aware,,,,,,,,,,,,,haji,,,,,yorokobi,suki,,,,,,,,,,yorokobi,suki,,,,,,,,,,,,,,,,haji,,,,,yorokobi,,yasu,,,,,,,,,yorokobi,,,,,,,,,,,,,yasu,,,,,,,,,,suki,,,,,,,,,,,,yasu,,,,,,,,,,,yasu,,,,,,,,,yorokobi,,yasu,,,,,,,,,yorokobi,,,,,,,,,,,yorokobi,,,,,,,,,,,yorokobi,,,,,,,,,,,yorokobi,,yasu,,,,,,,,,,,,,,,,,,odoroki,,,,,,aware,,,,,,,,,,,aware,,,,,,,,,,,aware,,,,,,,,,,ikari,aware,,,,takaburi,,,,,,ikari,aware,,,,takaburi,,,,,,,,,,,takaburi,,,,,yasu,,,,,,,,,,,,,aware,,,,,,,,,,,,,,iya,,,,,,,,,,,,takaburi,,,,,,,,,,,,,mu,yorokobi,,yasu,,,,,,,,,,,,,,,,iya,,,,,,,,aware,,,,,,,,,,,,,,iya,,,,,,,ikari,,,,iya,,,,,,,,aware,,,iya,,,,,,,,aware,,,,,,,,,,,aware,,,,,,,,,,,aware,,,,,,,,,,,aware,,,,,,,,,,,,,,,,,mu,yorokobi,,,,,,,,,,
daisuke_h,676,,,,,,,,,,odoroki,,,,,,aware,,,,,,,,,,ikari,,,,,,,,,,,ikari,,,,,,,,,,,,aware,,,,,,,,suki,,,,,,,,,,,,,,aware,,,,,,,,,,,,,,,takaburi,,,,,,,aware,,,,,,,,,,,,,,iya,,,,,,,,,,,,takaburi,,,,,,ikari,,,,,,,,,,,,,,,iya,,,,,suki,,,,,,,,,,,suki,,,,,,,,,,,,,,aware,,,,,,,,suki,,,,,,,,,,,,,ikari,,,,,,,,,,,,,,,iya,,,,,,,,,,,iya,,,,,,,,,,,,,odoroki,,yorokobi,,,,,,,,,,,yorokobi,,,,,,,,,,,yorokobi,,,,,,,,,,,,suki,,,,,,,,,,,,yasu,,,,,,,,,yorokobi,,,,,,,,,,,,,,ikari,,,,,,,,,suki,,,,,,,,,,,suki,,,,,,,,,,yorokobi,,,,,,,,,,,yorokobi,,,,,,,,,,,,,yasu,,,,,,,,,,,,,,,,,,odoroki,,,suki,,,,,,,,,,,,yasu,,,,,,,,,,suki,,,,,,,,,,,suki,,,,,,,,,,,,yasu,,,,,,,,,,,,,,,,,,odoroki,,,,,,aware,,,,,,,,,,ikari,,,,,,,,,,,,aware,,,,,,,,,,ikari,,,,,,,,,,,,,,,iya,,,,,,,,,,,iya,,,,,,,,aware,,,,,,,,suki,,,,,,,,,,,,,,,,,iya,,,,,suki,,,,,,,,,,,suki,,,,,,,,,,,suki,,,,,,,,,,,,,,,,,,,odoroki,,,,,,,,,,,odoroki,,,,,ikari,,,,,,,,,,,,,,,iya,,,,,,,,aware,,,,,,,,,,,,,,iya,,,,,,,ikari,,,,,,,,,,,,aware,,,,,,,,,,,,,,,,,mu,,,,,,,,iya,,,,,,yasu,,,,,,,,
charunyanko,767,yorokobi,suki,yasu,,,,,,,,,,,,,aware,,,,,,,,,,,aware,,,,,,,,,,ikari,,,,iya,takaburi,,,yorokobi,,,,,,,,takaburi,,,yorokobi,suki,yasu,,,,,,,,,,suki,,,,,,,,,,,suki,yasu,,,,,,,,,,,,,aware,,,,,,,,suki,,,aware,kowa,,,,,,,suki,,,aware,,,,,,,,,,,aware,,,,,,,,,,,aware,,,,,,,,,,,aware,,,,,,,,,,,,,,,,,mu,,,,,aware,,haji,,,,,,,,,aware,,,,,,,,,,,aware,,,,,,,yorokobi,suki,,,,,,,,,,,suki,,,,,,,,,,yorokobi,suki,,,,,,,takaburi,,,,,,,aware,,,,,,,yorokobi,,yasu,,,,,,,,,yorokobi,,yasu,,,,,,,,,,suki,,,,,,,,,,yorokobi,suki,,,,,,,,,,yorokobi,suki,yasu,,,,,,,,,,,,,,,,iya,,,,,,yasu,,,,,,,,,yorokobi,suki,yasu,,,,,,takaburi,,,yorokobi,suki,yasu,,,,,,takaburi,,,,suki,,,,,,,,,,yorokobi,suki,yasu,,,,,,,,,yorokobi,,yasu,,,,,,,,,yorokobi,suki,yasu,,,,,,,,,yorokobi,suki,yasu,,,,,,,,,yorokobi,suki,yasu,,,,,,,,,yorokobi,suki,yasu,,,,,,takaburi,,,yorokobi,suki,yasu,,,,,,takaburi,,,,,,,,,,,,odoroki,,,,,,aware,,haji,,,,,,,,ikari,aware,,,,takaburi,odoroki,,,,,,aware,kowa,haji,,takaburi,,,,,,ikari,,kowa,,iya,takaburi,,,,,,ikari,,,,iya,,,,,,,,,,,,,,mu,yorokobi,,yasu,,,,,,,,,,suki,,,,,,,,,,yorokobi,suki,,,,,,,,,,yorokobi,,yasu,,,,,,,,,yorokobi,suki,yasu,,,,,,,,,yorokobi,suki,yasu,,,,,,,,,yorokobi,suki,yasu,,,,,,,,,yorokobi,suki,yasu,,,,,,,,,,,,,,,,iya,,,,,,,,,,,iya,,,,,,,,aware,,,,,,,,,,,aware,,,,,,,,,,,aware,kowa,,,takaburi,odoroki,,,,,ikari,aware,,,,,,,,,,,,,,,,,mu,,,,,,kowa,,,,,,yorokobi,suki,,,,,,,,,
bonnzuman,857,,,,,,,,,takaburi,odoroki,,,,,,,,,,,,mu,,,,ikari,,,,iya,,,,,,,ikari,,,,iya,takaburi,,,yorokobi,,,,,,,,,,,,suki,yasu,,,,,,,,,,suki,yasu,,,,,,,,,,suki,,,,,,,takaburi,,,,,yasu,,aware,,,,,,,,,,,aware,,,,,,,,,yasu,,aware,,,,,,,,,,,aware,,,,,,,,,,,aware,,,,,,,,,yasu,,,,,,,,,,,yasu,,aware,,,,,,,,,yasu,,aware,,,,,,,,,,,aware,,,,,,,,,yasu,,,,,,,,,,,yasu,,,,,,,,,,,yasu,,,,,,,,,yorokobi,,,,,,,,takaburi,,,,,,,aware,,,,,,,,,,,,,,,takaburi,,,,,,,,,,,takaburi,,,,,,,,,,,takaburi,,,yorokobi,suki,,,,,,,,,,yorokobi,suki,,,,,,,takaburi,,,,,yasu,ikari,,,,,,,,yorokobi,,,,,,,,takaburi,,,yorokobi,suki,,,,,,,takaburi,,,yorokobi,suki,,,,,,,,,,yorokobi,suki,,,,,,,,,,,,yasu,,,,,,,,,yorokobi,suki,yasu,,,,,,,,,,suki,yasu,,,,,,,,,yorokobi,suki,,,,,,,,odoroki,,yorokobi,suki,,,,,,,,,,yorokobi,suki,,,,,,,takaburi,,,yorokobi,suki,,,,,,,takaburi,,,,,,,,kowa,,,,,,,,,,aware,,haji,iya,,,,,,,ikari,,,,,,odoroki,,,,,,aware,,haji,,,,,,,,ikari,,,,iya,takaburi,,,,,,ikari,,,,iya,takaburi,,,,,,ikari,,,,,takaburi,,,yorokobi,,yasu,,,,,,,,,,,,,aware,,,,,,,,,,,,,,iya,,,,yorokobi,suki,,,,,,,takaburi,,,,suki,,,,,,,,,,yorokobi,suki,,,,,,iya,,,,,,,,,,,iya,,,,,,,,,kowa,,,,odoroki,,,,yasu,,,,,iya,,,,,,yasu,,,,,iya,,,,,,yasu,,,,,iya,,,,,,yasu,,aware,,,iya,,,,,,,ikari,aware,,,iya,,,,,,,ikari,aware,,,iya,takaburi,,,,,,,aware,,,,,,,,,,,,,haji,,,,,,suki,,,,,,,,,
Metlogic,903,yorokobi,suki,,,,,,,takaburi,,,,,yasu,,,,,,,odoroki,,,,,ikari,,,,,takaburi,,,,,,ikari,,,,iya,,,,,,,ikari,aware,,,,,,,yorokobi,suki,yasu,,,,,,,,,,suki,,,,,,,,,,,suki,yasu,,,,,,,,,,,yasu,,aware,,,,,,,,,,,aware,,,,,,,,suki,,,,,,,takaburi,,,,,,ikari,,,,,takaburi,,,,suki,yasu,,,,,,,,,,suki,yasu,,,,,,,,,,suki,yasu,,,,,,,,,,,,ikari,,,,,takaburi,,,,suki,yasu,,,,,,,,,,,,ikari,,,,,takaburi,,,,,,,,,,iya,takaburi,,,,,,ikari,,,,,takaburi,,,,,,,,,,,takaburi,odoroki,,,suki,yasu,,,,,,,,,,,,,,,,,takaburi,,,,suki,yasu,,,,,,,,,,suki,yasu,,,,,,,,,,suki,yasu,,,,,,,,,,suki,yasu,,,,,,,,,,,,,aware,,,iya,,,,,suki,yasu,,,,,,,,,,suki,yasu,,,,,,,,,,suki,yasu,,,,,,,,,,suki,yasu,,,,,,takaburi,,,,,,,,,,,takaburi,,,,,yasu,,,,,,takaburi,,,,suki,yasu,,,,,,,,,yorokobi,suki,yasu,,,,,,,,,yorokobi,suki,yasu,,,,,,,,,yorokobi,suki,yasu,,,,,,,,,yorokobi,suki,yasu,,,,,,,,,,suki,,,,,,,,odoroki,,,,,,,,,iya,,,,,,,ikari,,,,,takaburi,,,,,,,,,,iya,takaburi,,,,,,,,,,iya,,odoroki,,,,,,aware,,,,,,,,suki,yasu,,,,,,,,,,suki,yasu,,,,,,,,,,suki,yasu,,,,,,,,,,,,ikari,,,,,takaburi,,,,,,,,,,,takaburi,,,,suki,yasu,,,,,,,,,,suki,yasu,,,,,,,,,,,,,aware,,,,,odoroki,,,,yasu,,,,,,,,,,,,,,,,iya,takaburi,,,,,,ikari,,,,,,odoroki,,,,,,aware,,,,takaburi,,,,,,,,,,iya,takaburi,,,,,,,,,,,takaburi,,,,,,,,,,,takaburi,,,,,,,,,,iya,,,,,suki,,,,,,,,,,,suki,yasu,,,,,,,,
mtmr_001,879,,suki,,,,,,,,odoroki,,,,,,aware,,,,,,,,,,,,,,iya,takaburi,odoroki,,,,,,,,,iya,takaburi,,,,,,,aware,,,iya,,odoroki,,,suki,,,aware,,,,,,,,suki,,,aware,,,,,,,,suki,,,,,,,,,,,suki,,,aware,,,,,,,,,,,aware,kowa,,,,,,,suki,,,,,,,,,,,,,,aware,,,,,,,,,,,aware,,,,,,,,suki,,,,,,,,,,,suki,,,,,,,,,,,,,,aware,,,,,,,,,,,aware,,,,,,,,,,,,,,iya,,,,,,,,,,,,,,mu,,,,,,,,,,,mu,yorokobi,,,,,,,,,odoroki,,,suki,,,,,,,,,,yorokobi,,,,,,,,,,,yorokobi,,,,,,,,,,,,,yasu,,,,,,,,,,suki,yasu,,,,,,,,,,suki,yasu,,,,,,,,,,,,ikari,,,,,,,,,,yasu,,,,,,,,,yorokobi,suki,,,,,,,,odoroki,,yorokobi,,,,,,,,,odoroki,,,suki,,,,,,,,,,,,yasu,,,,,,,,,yorokobi,suki,yasu,,,,,,,,,,suki,,,,kowa,,,,,,,suki,yasu,,,,,,,,,,suki,yasu,,,,,,,,,yorokobi,suki,yasu,,,,,,,,,yorokobi,suki,,,,,,,,odoroki,,,,,,,,,,,,mu,,,,,aware,kowa,,iya,,odoroki,,,,,,aware,kowa,,,,,,,,,,aware,kowa,haji,iya,,,,,,,,,kowa,,iya,,,,,,,ikari,aware,,,iya,,,,,,,,,,,,takaburi,,,,,yasu,,,,,,,,,,suki,,,,,,,,,,,,,,,kowa,,iya,,,,,suki,,,,kowa,,,,,,,suki,yasu,,,,,,,,,yorokobi,suki,yasu,,,,,,,,,,,,ikari,aware,,,,,odoroki,,,suki,yasu,,,,,,,,,,,,,,,,iya,,,,,,,,aware,kowa,,iya,,,,,,,,aware,kowa,,iya,,,,,,,,aware,,,iya,,,,,,,,aware,kowa,,iya,takaburi,,,,,,,aware,kowa,,iya,takaburi,,,,,,,aware,,,iya,,,,,suki,,,,,,,,,,,suki,,,,,,,,,
aiji777,1056,yorokobi,,,,,,,,takaburi,odoroki,,,,,ikari,aware,,,iya,takaburi,,,,,,ikari,aware,,,iya,,,,yorokobi,,,ikari,,,,,,,,,,,ikari,aware,,haji,,takaburi,,,yorokobi,suki,yasu,,,,,,,,,,suki,yasu,,,,,,,,,,suki,yasu,,,,,,,,,,suki,,,aware,,,,takaburi,,,,,,,aware,kowa,,,,,,,suki,,,,,,,takaburi,,,,,,ikari,,,,,,odoroki,,,,,,,kowa,haji,,,,,,,yasu,,aware,,,,,,,,,yasu,,aware,,,,,,,,,,,aware,,,,,,,,,yasu,,,,,,,,,,,,,,,,iya,,odoroki,,,,yasu,,,,,,,,,,,yasu,,,,,,takaburi,,,yorokobi,suki,,,,,,,takaburi,,,,,yasu,,,,,,takaburi,,,yorokobi,suki,,,,,,,,,,yorokobi,,yasu,,,,,,,,,,suki,yasu,,,,,,,,,yorokobi,suki,yasu,,,,,,,odoroki,,yorokobi,,,,,,,,,,,yorokobi,,,ikari,,,,,,,,yorokobi,suki,,,,,,,,,,yorokobi,suki,yasu,,,,,,,,,,suki,yasu,,,,,,,odoroki,,yorokobi,suki,yasu,,,,,,,,,,suki,yasu,,,,,,,,,,,yasu,,aware,,,,,,,,,yasu,,,,,,takaburi,,,yorokobi,suki,yasu,,,,,,takaburi,,,yorokobi,suki,yasu,,,,,,,,,yorokobi,suki,yasu,,,,,,,odoroki,,yorokobi,,yasu,,,,,,,,,,,,,,,,,,odoroki,,,,,ikari,aware,kowa,haji,,takaburi,,,,,,,aware,,,,,odoroki,,,,,,,,haji,iya,,,,,,,ikari,,,,,takaburi,,,,,,,aware,,,,,,,,,yasu,,,,,,takaburi,,,yorokobi,,yasu,,,,,,,,,,suki,yasu,,,,,,,,,,,yasu,,,,,iya,,,,yorokobi,,yasu,,,,,,,,,,suki,yasu,,,,,,,,,yorokobi,,yasu,,,,,,,,,,,,,,,,,takaburi,odoroki,,,,yasu,,,,,,,odoroki,,,,,ikari,,,,iya,,,,,,,ikari,,kowa,,iya,,,,,suki,,,aware,,haji,,,,,,suki,,,aware,,,,,,,,,,,aware,kowa,,iya,takaburi,,,,,,,aware,kowa,haji,iya,,,,,,yasu,,aware,,,,,,,,suki,yasu,,,,,,,,,yorokobi,suki,yasu,,,,,,,,
honyarara,1257,,,,,,,,,,,mu,,,,,aware,,,,,odoroki,,,,,ikari,,,,,,,,,,,ikari,,,,,takaburi,,,,,,,,,,,,,mu,,suki,,,,,,,,,,,,,,,,,,,,mu,,,,,,,,,,,mu,,,,,aware,,,,,,,,,,,aware,,,,,,,,,,,,,,,,,mu,,,,,,,,,takaburi,,,,,,,,,,,,,mu,,,,,,,,,,,mu,,,,,,,,,,,mu,,,,,,,,,,odoroki,,,,,,,,,,,,mu,,,,,,,,,,odoroki,,,,,,,,,,,odoroki,,,,,,,,,,,,mu,,,,,,,,,takaburi,odoroki,,,,,,,,,,,,mu,,,,,,,,,takaburi,,,,,,,,,,,takaburi,,,,,,,,,,,,,mu,yorokobi,,,,,,,,,,,yorokobi,,,,,,,,takaburi,,,,,,,,,,iya,,,,,,,,,,,,,,mu,yorokobi,,,,,,,,takaburi,,,yorokobi,,yasu,,,,,,,,,,,,,,,,,,,mu,,,,,,,,,,,mu,,,,,,,,,takaburi,,,,,,,,,,,,,mu,yorokobi,suki,,,,,,,takaburi,odoroki,,yorokobi,,,,,,,,,,,yorokobi,,,,,,,,,,,yorokobi,,yasu,,,,,,,,,,,,,,,,,,odoroki,,,,,,aware,,,,,,,,,,,aware,,,,,odoroki,,,,,,aware,,,,,,,,,,ikari,,,,,,,,,,,ikari,aware,,,,,,,,,,,,,,,takaburi,,,,,yasu,,,,,,,,,,,,,,,,,,,mu,,,,,,,,,,,mu,,,,,,,,,,,mu,yorokobi,,,,,,,,,odoroki,,yorokobi,,yasu,,,,,,,,,,,,,,,,iya,,odoroki,,,,,,,,,,,odoroki,,,,,,,,,iya,takaburi,,,,,,ikari,,,,,,,,,,,,,,,,,,mu,,,,,,,,,,,mu,,,,,aware,,,,,,,,,,,aware,,,iya,,,,,,,,,,,iya,takaburi,,,,,,,,,,,,,mu,yorokobi,,,,,,,,,,
tamori,1838,yorokobi,,yasu,,,,,,takaburi,odoroki,,,,yasu,,aware,,,iya,,odoroki,,,,,ikari,aware,kowa,,iya,,,,,,,ikari,aware,,,,takaburi,,,,,,ikari,aware,,,,,,,yorokobi,suki,,,,,,,,,,,,yasu,,aware,,,,,,,,,yasu,,,,,,,,,,,,,aware,,,,,,,,,,,aware,,,,,,,,,yasu,,,,,,,,,,,,ikari,aware,,,,,,,,,yasu,,,,,,,,,,,yasu,,,,,,,,,,,yasu,,,,,,,,,,,,,aware,,,,,,,,,yasu,,,,,,,,,,,,ikari,,,,,,,,,,yasu,,,,,,,,,,,yasu,,,,haji,,,,,yorokobi,,,,,,,,takaburi,odoroki,,,,yasu,,,,,,,,,,,yasu,,,,,,,,,,,yasu,,,,,,,,,,,yasu,,,,,,,,,yorokobi,suki,,,,,,,,,,,,yasu,,,,,,,,,,,,ikari,,,,iya,,,,,,yasu,,,,,,,,,yorokobi,,,,,,,,takaburi,,,yorokobi,,yasu,,,,,,,,,,,yasu,,,,,,,,,,,yasu,,,,,,,,,,,yasu,,,,,,,,,,,yasu,,,,,,,,,yorokobi,suki,,,,,,,,,,yorokobi,,,,,,,,,,,yorokobi,,,,,,,,,,,yorokobi,,yasu,,,,,,,,,,,yasu,,,,,,,,,,,,,aware,,,,,,,,,yasu,,,,,,,,,,,,,aware,,,,,,,,,,ikari,aware,,,iya,,,,,,,ikari,,,,,,,,,,yasu,,,,,,,,,,,yasu,,,,,,,,,,,yasu,,,,,,,,,,,yasu,,,,,,,,,,,yasu,,,,,,,,,yorokobi,,,,,,,,,,,yorokobi,,yasu,,,,,,,,,,,,ikari,,,,,,,,,,yasu,ikari,,,,,,,,,,,ikari,,,,,,,,,,yasu,,,,,,,,,,,yasu,,,,,,,,,,,yasu,,,,,,,,,,,,,aware,,,,,,,,,yasu,,,,,,,,,,,,,,,,,,,mu,,,yasu,,,,,,,,,,,yasu,,,,,,,,
soranotori,1313,yorokobi,,,,,,,,,odoroki,,,,,ikari,aware,,,,,,,,,,ikari,,,,,takaburi,,,,,,ikari,,,,,takaburi,,,,,,,,,,,,,mu,yorokobi,suki,,,,,,,,,,,,,,,,,,,,mu,yorokobi,suki,,,,,,,,,,,,,,aware,,,,,,,,,,,aware,,,,,,,,suki,,,,,,,,,,,,,,,,,,,,mu,,,,,,,,,,,mu,,,,,,,,,,,mu,,,,,,,,,,,mu,,,,,aware,,,iya,,,,,,,,,,,,,,mu,,,,,,,,iya,,,,,,,,,,,,,,mu,,,,,,,,,,,mu,yorokobi,,,,,,,,takaburi,odoroki,,,,,,,,,,,,mu,,,,,,,,,takaburi,,,yorokobi,,,,,,,,,,,,,,,,kowa,haji,,,,,yorokobi,suki,,,,,,,,,,yorokobi,suki,,,,,,,,,,,,,ikari,,,,iya,,,,,,,,,,,,,,mu,yorokobi,suki,yasu,,,,,,takaburi,,,yorokobi,suki,yasu,,,,,,,,,yorokobi,suki,yasu,,,,,,,,,,,,,,,,,,,mu,yorokobi,,yasu,,,,,,takaburi,,,,,,,,,,,,,mu,yorokobi,suki,,,,,,,,,,yorokobi,suki,,,,,,,,,,yorokobi,suki,,,,,,,,,,yorokobi,,yasu,,,,,,,,,,,,,,kowa,,,,,,,,,ikari,aware,,,,,,,,,,ikari,aware,,,,,,,,,,ikari,aware,,,,,,,,,,ikari,,,,iya,takaburi,,,,,,ikari,,,,iya,takaburi,,,,,,,,kowa,,,,,,,,yasu,,,,,,,,,yorokobi,suki,,,,,,,,,,,,,,,,,,,,mu,,,,,,,,,takaburi,,,yorokobi,suki,,,,,,,,,,yorokobi,,,,,,,,takaburi,,,,,,,,,,iya,,,,,,,,,,,,,,mu,,,,,,,,iya,,,,,,,ikari,,,,iya,,,,,,,,,,,iya,,,,,,,,,,,iya,,,,,,,ikari,aware,,,,takaburi,,,,,,ikari,aware,,,iya,,,,,,,,,,,iya,,,,,,,,,,,,,,mu,,,,,,,,,,,mu
awapuhi07,644,yorokobi,,,,,,,,takaburi,odoroki,,,,,ikari,aware,,,iya,takaburi,odoroki,,,,,ikari,aware,,,iya,takaburi,,,,,,ikari,aware,kowa,,iya,takaburi,,,,,yasu,,aware,,,,takaburi,,,yorokobi,suki,yasu,,,,,,,,,,suki,yasu,,aware,,,,,,,yorokobi,suki,,,,,,,takaburi,,,,,,ikari,aware,,,iya,,,,,,,ikari,aware,kowa,,iya,,,,,,yasu,,,,,,takaburi,,,,,yasu,ikari,aware,,,iya,takaburi,odoroki,,,,yasu,ikari,aware,,,,,,,,suki,yasu,,,,,,,,,,suki,yasu,,,,,,,,,,,,ikari,aware,,haji,iya,,,,,,yasu,,,,,,,,,,,yasu,ikari,aware,,,,takaburi,odoroki,,yorokobi,,,,,,,,,,,yorokobi,,,,,,haji,,,,,yorokobi,,,,,,,,takaburi,odoroki,,,,yasu,,,,,,,,,,,yasu,,,,,,,,,yorokobi,,,,,,,,takaburi,,,,,,,,kowa,,,,,,yorokobi,suki,,,,,,,takaburi,,,yorokobi,,,,,,,,takaburi,,,,,,ikari,,,,iya,takaburi,,,yorokobi,,yasu,,,,,,,,,yorokobi,,yasu,,,,,,takaburi,,,yorokobi,suki,yasu,,,,,,,odoroki,,yorokobi,suki,yasu,,,,,,,,,yorokobi,suki,yasu,,,,,,,,,yorokobi,,yasu,,,,,,takaburi,,,,,yasu,,,kowa,,,,,,yorokobi,suki,,,,,,,takaburi,,,yorokobi,suki,,,,,,,takaburi,,,yorokobi,suki,,,,,,,,,,yorokobi,suki,yasu,,,,,,takaburi,,,,,,,,,,,,odoroki,,,,,,aware,,haji,iya,takaburi,,,,,,ikari,aware,,,iya,takaburi,odoroki,,,,,ikari,aware,kowa,haji,iya,takaburi,,,,,,ikari,,,,iya,takaburi,odoroki,,,,,ikari,,,,iya,takaburi,odoroki,,,,yasu,,,,,,,,,yorokobi,,yasu,,,,,,takaburi,,,yorokobi,suki,,,,,,,,,,,,yasu,,,,,,,odoroki,,yorokobi,,,,,,,,takaburi,,,,,yasu,,,,,,,,,yorokobi,suki,,,,,,,takaburi,,,,,,ikari,aware,,,iya,takaburi,odoroki,,,,,ikari,aware,kowa,haji,iya,takaburi,odoroki,,,,,ikari,,,,iya,takaburi,,,,,,ikari,,,,iya,takaburi,,,,,,ikari,aware,,,iya,takaburi,,,,,,,aware,,,iya,takaburi,,,,,,ikari,aware,kowa,,iya,takaburi,odoroki,,,,,ikari,aware,,,iya,takaburi,,,,,,,aware,,,iya,,,,,,yasu,,,,haji,,,,,yorokobi,suki,,,,,,,takaburi,,
SkyBlue,1999,yorokobi,,,,,,,,takaburi,odoroki,,,,,ikari,,,,iya,,,,,,,ikari,,,,iya,,,,,,,ikari,,,,,takaburi,,,yorokobi,,,,aware,kowa,,,,,,,suki,,,,,,,,,,,,,,aware,,,,,,,,suki,,,,,,,,,,,,,,aware,,,,,,,,,,,aware,,,,,,,,suki,,,,,,,,,,,,,,aware,,,,,,,,,yasu,,,,,,,,,,,yasu,,,,,,,,,,,,,,,,,,,mu,,,,ikari,,,,iya,,,,,,,,,,,,,,mu,,,,,,,,iya,,,,yorokobi,,,,,,,,,,,yorokobi,,,,,,,,,,,yorokobi,,,,,,,,takaburi,odoroki,,,,yasu,,,,,,,,,,,yasu,,,,,,,,,yorokobi,,,,,,,,,,,,,yasu,,,,,,,,,yorokobi,suki,,,,,,,,,,yorokobi,,,,,,,,takaburi,,,,,,ikari,,,,iya,,,,yorokobi,suki,,,,,,,,,,yorokobi,,,,,,,,takaburi,,,yorokobi,,,,,,,,takaburi,,,yorokobi,,,,,,,,,,,yorokobi,,,,,,,,,,,yorokobi,,,,,,,,takaburi,,,,,,,,kowa,,,,,,yorokobi,suki,,,,,,,,,,yorokobi,suki,,,,,,,,,,yorokobi,,,,,,,,,,,yorokobi,,,,,,,,,,,,,,,,kowa,,,,,,,,,,aware,kowa,haji,,,,,,,,ikari,,kowa,,,,,,,,,,aware,kowa,haji,,,,,,,,ikari,,,,iya,takaburi,,,,,,ikari,,,,,takaburi,,,,,yasu,,,,,,,,,yorokobi,,yasu,,,,,,,,,yorokobi,suki,,,,,,,,,,,,,,,kowa,,,,,,yorokobi,,,,,,,,,,,yorokobi,,yasu,,,,,,,,,yorokobi,suki,,,,kowa,,,,,,,,,,,kowa,,iya,,odoroki,,,suki,yasu,,,,,,,,,,,,ikari,,,,iya,,,,,,yasu,,,kowa,,,,,,,,yasu,,,kowa,,iya,,,,,,yasu,,,,,,,,,,,,,aware,kowa,,,takaburi,,,,,,ikari,aware,kowa,,,takaburi,,,,,,,,kowa,,,,,,,,yasu,,,,,,,,,yorokobi,,,,,,,,,,
pukutomo,663,,,,,,,,,,odoroki,,,,,,aware,,,,,odoroki,,,,,ikari,aware,,,,,,,,,,ikari,,,,,takaburi,,,,,,ikari,,,,,,,,,suki,,,aware,,,,,,,,,,,aware,,,,,,,yorokobi,,,,,,,,,,,,,,,aware,,,,takaburi,,,,,,,aware,,,,takaburi,,,yorokobi,,,,,,,,,,,,,,,aware,,,,takaburi,,,,,,,aware,,,,,,,yorokobi,,,,,,,,,,,,,,,,,,,,,mu,,,,,aware,,haji,,,,,,,,,,,,,,,mu,,,,,,,haji,,,,,,,,,,,,,,odoroki,,,,yasu,,,,haji,,,,,,,,,,,,,,odoroki,,yorokobi,,,,,,,,,,,yorokobi,,yasu,,,,,,,,,yorokobi,,,,,,,,,,,,,,,,,haji,,takaburi,,,yorokobi,,,,,,haji,,,,,yorokobi,,,,,,haji,,,,,,,,ikari,,,,,,,,yorokobi,,,,,,,,,,,yorokobi,,,,,,,,,,,yorokobi,,,,,,,,,odoroki,,yorokobi,,,,,,,,,,,yorokobi,,,,,,haji,,,,,yorokobi,,yasu,,,,,,,,,,,,,,,haji,,takaburi,,,yorokobi,,yasu,,,,,,,,,yorokobi,,,,,,,,,,,yorokobi,,,,,,,,takaburi,,,yorokobi,,,,,,,,takaburi,,,,,,,,,,,,odoroki,,,,,,,,haji,,,,,,,,,aware,,,,,odoroki,,,,,,aware,,,,takaburi,,,,,,ikari,,,,,takaburi,,,,,,,,,,iya,takaburi,,,,,,,,,,,takaburi,,,yorokobi,,,,,,,,,,,yorokobi,,yasu,,,,,,,,,,,yasu,,,,,,,,,yorokobi,,yasu,,,,,,takaburi,,,yorokobi,,,,,,,,,,,yorokobi,,yasu,,,,,,,,,,,,,,,,,,odoroki,,,,yasu,,,,,,,odoroki,,,,,,,,,iya,takaburi,,,,,,,,,,iya,,,,,,,,aware,,,iya,,,,,,,,aware,,,,takaburi,,,,,,,aware,,,,takaburi,,,,,,,aware,,,,takaburi,,,,,,,,,,,takaburi,,,,,,,,,haji,,takaburi,,,yorokobi,,yasu,,,,haji,,,,
kyon_maru,441,,,,,,,,,takaburi,,,,,,ikari,,,,,takaburi,odoroki,,,,,ikari,aware,,,iya,takaburi,,,,,,ikari,,,,,takaburi,,,,,,,,kowa,,iya,takaburi,,,yorokobi,suki,,,,,,,,,,,,,,,,,,,,mu,,,,,,,,,takaburi,,,,,,,aware,kowa,,,,,,,,,,aware,kowa,,,,,,,,,,,,,,takaburi,,,,,,,,,,iya,takaburi,,,,,,,,kowa,,,,,,,,,,,kowa,,,,,,,,,,,,,,,,mu,,,,,aware,kowa,,iya,,odoroki,,,,,,,,,,,,mu,,,,ikari,,,,iya,takaburi,,,,,,,,,,,,odoroki,,,,,,,,,,takaburi,,,,,,,,,,,,,mu,,,,,,kowa,,,,,,,,,,,,,,takaburi,,,,,,,,,,,takaburi,,,,,,,,,,,,,mu,yorokobi,suki,,,,,,,takaburi,odoroki,,yorokobi,,,,,,,,takaburi,,,,,,,,,haji,,,,,,,,,,,haji,,,,,yorokobi,,,,,,,,takaburi,,,yorokobi,,,,,,,,takaburi,,,yorokobi,,,,,,,,takaburi,,,yorokobi,,,,,,,,takaburi,,,yorokobi,,,,,,,,takaburi,,,,,,,,kowa,,,,,,yorokobi,suki,,,,,,,takaburi,odoroki,,yorokobi,suki,,,,,,,takaburi,odoroki,,yorokobi,,,,,,,,takaburi,,,yorokobi,,,,,,,,takaburi,,,,,,,,kowa,,,,,,,,,,aware,kowa,,,,,,,,,,,kowa,,,,,,,,,,aware,kowa,,,,,,,,,ikari,,,,iya,takaburi,,,,,,ikari,,,,,takaburi,,,,,,,,,,,,,mu,,,yasu,,,,,,,,,,,,,aware,,,,,,,,,,,,,,iya,,,,,,,,,,,,takaburi,,,,,yasu,,,,,,,,,yorokobi,,,,,,,,takaburi,,,,,,,,,,iya,,,,,,,,,,,,,odoroki,,,,,ikari,,,,iya,,,,,,,,,kowa,,iya,takaburi,,,,,,,aware,,,iya,takaburi,,,,,,ikari,,,,,takaburi,,,,,,,aware,kowa,,,,,,,,,,aware,,,,,,,,,,,,,,iya,,,,,,,,,,,,,,mu,yorokobi,,,,,,,,takaburi,odoroki,
suzuking2001,2288,,suki,,,,,,,takaburi,,,,,,ikari,aware,,,iya,,odoroki,,,,,ikari,aware,,,,takaburi,,,,,,ikari,,,,,takaburi,,,,,,,,,,iya,takaburi,,,yorokobi,suki,yasu,,,,,,,,,,,yasu,,aware,,,,,,,yorokobi,,yasu,,,,,,,,,,,,,aware,,,,,,,,,,,aware,,,,takaburi,,,yorokobi,,,,,,,,,,,,,,,aware,,,iya,,,,,,,,aware,,,iya,takaburi,,,,,,,aware,,,iya,takaburi,,,,,,,aware,,,,,,,,,,,aware,,,iya,,,,,,,,,,,,,,mu,,,,,,,,iya,,odoroki,,,,,,,,,iya,,odoroki,,,,,,,,haji,,,,,,,,,,,,,,odoroki,,,,,,aware,,,,takaburi,,,,,,,,,,,,,mu,yorokobi,,yasu,,,,,,,,,,,,,,kowa,,,,,,yorokobi,suki,,,,,,,,,,yorokobi,suki,,,,,,,,,,,,,,,,,iya,takaburi,,,,,,,aware,,,,takaburi,,,yorokobi,suki,,,,,,,takaburi,odoroki,,yorokobi,,yasu,,,,,,,odoroki,,yorokobi,suki,yasu,,,,,,,,,yorokobi,,yasu,,,,,,takaburi,,,yorokobi,,yasu,,,,,,,,,,,yasu,,,,,,takaburi,,,yorokobi,suki,,,,,,,,,,yorokobi,suki,yasu,,,,,,,,,yorokobi,suki,yasu,,,,,,,odoroki,,yorokobi,suki,yasu,,,,,,,,,,,,,,,,,takaburi,odoroki,,,,,,aware,kowa,haji,,,,,,,,,aware,,,iya,,,,,,,,aware,kowa,haji,,,,,,,,,aware,kowa,haji,,,,,,,,ikari,aware,,,iya,,,,,,,,,,,,takaburi,,,,,yasu,,,,,,,odoroki,,,,,,aware,,,,,,,,,,,,,,,,,mu,,,,,,,,,takaburi,,,,suki,,,,,,,,,,,suki,yasu,,,,,,,,,,,,,aware,,,,takaburi,,,,,,,aware,,,,takaburi,odoroki,,,,,ikari,aware,,,iya,,,,,,,ikari,,,,iya,,,,,,,,aware,,,iya,,,,,,,,aware,,,iya,takaburi,,,,,,,aware,kowa,,,takaburi,,,,,,,,kowa,,iya,takaburi,,,,,,,,,,,takaburi,,,,,,,,,,,,,mu,,suki,yasu,,,,,,,,
gomako,1037,yorokobi,suki,yasu,,,,,,,,,,,,,aware,,,,,,,,,,ikari,,,,,,,,,,,ikari,,,,,,,,,,,ikari,aware,,,iya,takaburi,,,yorokobi,suki,yasu,,,,,,,,,yorokobi,suki,yasu,,,,,,,,,yorokobi,suki,yasu,,,,,,,,,,,,,aware,,,,,,,,,,,aware,,,,,,,,suki,,,aware,,,,,,,,,,ikari,aware,,,,,,,,,,,aware,,,iya,takaburi,,,,,,,aware,,,,,,,,,,,aware,,,,takaburi,,,,,,,aware,,,,,,,,,,,aware,,,,,,,,,,ikari,,,,iya,takaburi,,,,,,ikari,,,,,,,,,,,ikari,,,,,,,,,,,,,,,,,odoroki,,,,,,aware,,,,takaburi,,,,,yasu,,,,,,,,,,,yasu,,,,,,,,,,,yasu,,,,,,,,,yorokobi,suki,yasu,,,,,,,,,yorokobi,suki,yasu,,,,,,,,,,suki,,,,,,,,,,,suki,yasu,,,,,,,,,yorokobi,suki,yasu,,,,,,,,,yorokobi,suki,yasu,,,,,,,,,yorokobi,suki,yasu,,,,,,,,,yorokobi,suki,yasu,,,,,,,,,,,,,aware,,,,takaburi,,,,,,,aware,,,,takaburi,,,yorokobi,suki,,,,,,,,odoroki,,yorokobi,suki,,,,,,,,,,yorokobi,suki,,,,,,,,,,yorokobi,suki,yasu,,,,,,,,,,,yasu,,,,,,,,,,,,,aware,,,,,,,,,,ikari,aware,,,,,,,,,,,aware,,,,takaburi,,,,,,ikari,aware,,,,,,,,,,ikari,aware,,,,takaburi,,,,,,,,,,,takaburi,,,,,,,,,,,,,mu,,,yasu,,,,,,takaburi,,,,,,,,,,iya,,,,,,,,aware,,,,takaburi,,,,,yasu,,,,,,,,,,,,,aware,,,,takaburi,,,,,,,,,,iya,,,,,,,,,,,,takaburi,,,,,,ikari,,,,,,,,,,,ikari,,,,,takaburi,,,,,,,,,,,,,mu,,,,,,,,iya,,,,,,,,aware,,,,takaburi,,,,,,,aware,,,,takaburi,,,,,,,,,,,takaburi,,,,,,,,,,,takaburi,,,,,,,aware,,,,takaburi,,
pontata,1153,,,,,,,,,,odoroki,,,,,,aware,,,,,odoroki,,,,,ikari,,kowa,,,takaburi,odoroki,,,,,ikari,,,,,takaburi,odoroki,,yorokobi,,,,,,,,,,,yorokobi,suki,yasu,,,,,,,,,,suki,,,aware,,,,,,,yorokobi,suki,,,,,,,,,,,,,,aware,,,,,,,,,,,aware,kowa,,iya,,,,yorokobi,suki,yasu,,,,,,,,,,,,,,,,iya,,,,,,yasu,,,,,,,,,,suki,yasu,,,,,,,,,,suki,yasu,,,,,,,,,,,,,,,,iya,,,,,,yasu,,,,,,,,,,,,,,,,,,,mu,,,,,,,,,,,mu,,,,,,,,,,,mu,yorokobi,suki,yasu,,,,,,,,,,suki,yasu,,,,,,,,,,suki,yasu,,,,,,,,,,suki,yasu,,,,,,,,,,suki,yasu,,,,,,,,,yorokobi,suki,yasu,,,,,,,,,yorokobi,suki,yasu,,,,,,,,,,,,,,,,iya,,,,,suki,yasu,,,,,,,,,yorokobi,suki,yasu,,,,,,,,,yorokobi,suki,yasu,,,,,,,,,,suki,yasu,,,,,,,,,,,yasu,,,,,,,,,yorokobi,,yasu,,,,,,,,,,suki,yasu,,,,,,,,,yorokobi,suki,yasu,,,,,,,,,yorokobi,suki,yasu,,,,,,,,,yorokobi,suki,yasu,,,,,,,,,yorokobi,suki,,,,,,,,,,,,,,,,,,,odoroki,,,,,,aware,,,,,,,,,,,,,,,,,mu,,,,,aware,,,,,,,,,,ikari,,,,iya,,,,,,,,,,,,,,mu,,,yasu,,,,,,,,,,,yasu,,,,,,,,,,suki,yasu,,,,,,,,,,,yasu,,,,,,,,,,suki,yasu,,,,,,,,,,suki,yasu,,,,,,,,,,suki,yasu,,,,,,,,,,,,,,,,iya,,,,,suki,yasu,,,,,,,,,,,,,,,,iya,,,,,,,,,,,iya,,,,,,,,,,,iya,,,,,,,,,,,iya,,,,,,,,aware,,,,,,,,,,,aware,,,,,,,,,,,,,,,,,mu,,,,,,,,,,,mu,,,yasu,,,,,,,,
yucaco,725,,suki,,,,,,,,odoroki,,,,,,aware,,,,,,,,,,,aware,,,,,,,,,,ikari,,,,,,,,,,,,,,,,,,mu,,suki,,,,,,,,,,,,,,,,,,,,mu,,suki,,,,,,,,,,,,,,aware,,,,,,,,,,,aware,,,,,,,,suki,,,,,,,,,,,,,,,,,,,,mu,,,,,,,,,,,mu,,,,,,,,,,,mu,,,yasu,,,,,,,,,,,,,aware,,,,,,,,,yasu,,,,,,,,,,,,,,,,iya,,,,,,,,,,,,,odoroki,,,,,,,,,iya,,,,,,,,,,,,,odoroki,,yorokobi,,,,,,,,,,,yorokobi,,,,,,,,,,,yorokobi,,,,,,,,,,,,,,,,,haji,,,,,,suki,,,,,,,,,,yorokobi,,,,,,,,,,,,,,,,,,iya,,,,,,yasu,,,,,,,,,,,yasu,,,,,,,,,yorokobi,,,,,,,,,,,,,,,,,,,,,mu,,suki,,,,,,,,,,,,,,,,,,,,mu,,,,,,,haji,,,,,,suki,,,,,,,,,,yorokobi,,,,,,,,,,,yorokobi,,,,,,,,,,,,,yasu,,,,,,,,,,,,,aware,,,,,,,,,,,,kowa,,,,,,,,,,,kowa,,,,,,,,,,aware,,,,,,,,,,,,,,iya,,,,,,,,,,,iya,,,,,,,,,,,,takaburi,,,,,yasu,,,,,,,,,,suki,,,,,,,,,,,,,,,,,,,,mu,,,,,,,,,takaburi,,,,,yasu,,,,,,,,,,suki,,,,,,,,,,,,,,,,,iya,,,,,,,,,,,,,odoroki,,,,,,,,,iya,,,,,,,,,,,iya,,,,,,,,aware,,,,,,,,,,,aware,,,,,,,,,,,aware,,,,,,,,,,,aware,,,,,,,,,,,aware,,,,,,,,,,,,kowa,,,,,,,suki,,,,,,,,,
uni_uni07,1336,yorokobi,,,,,,,,,,,,,,ikari,aware,,,,,,,,,,ikari,,kowa,,,,,,,,,ikari,,,,,takaburi,,,,,,ikari,,kowa,,,,,,yorokobi,suki,,,,,,,,,,,,,,aware,,,,,,,,,,,,,,,takaburi,,,,,,,aware,,,,,,,,,,,aware,,,,,,,,,,,,,,,takaburi,,,,,,ikari,aware,,,,,,,,,,,aware,,,,,,,,,,,aware,,,,,,,,,,,,,,,,,mu,,,,,aware,,,,,,,,,,,,,,,,,mu,,,,,,,,iya,,,,,,,,,,,,,odoroki,,,,,,,,,,,,mu,,,,,,,,,takaburi,odoroki,,,,,,,,,,,,mu,yorokobi,,,,,,,,takaburi,,,,,,,,,,,takaburi,,,,,,,,,,,,,mu,yorokobi,,,,,,,,,,,yorokobi,,,,,,,,takaburi,,,,,,,,,,iya,,,,yorokobi,,,,,,,,takaburi,,,yorokobi,,,,,,,,takaburi,,,yorokobi,,yasu,,,,,,,,,,,yasu,,,,,,,,,,,yasu,,,,,,,,,,,,,,,,,takaburi,,,,,,,,,,,,,mu,yorokobi,suki,,,,,,,,,,yorokobi,suki,,,,,,,,,,yorokobi,,,,,,,,,,,yorokobi,,yasu,,,,,,,,,,,,,,,,,,,mu,,,,,aware,,,,,,,,,,,aware,,,,,,,,,,,aware,,,,,,,,,,ikari,,,,,,,,,,,ikari,aware,,,,,,,,,,,,,,,takaburi,,,,,yasu,,,,,,,,,,,,,aware,,,,,,,,,,,,,,,,,mu,,,,,,,,,takaburi,,,,,yasu,,,,,,,,,yorokobi,suki,,,,,,,,,,,,,,,,,,,odoroki,,,,yasu,,,,,,,,,,,,ikari,,,,iya,,,,,,,,,,,iya,,,,,,,,aware,,,,,,,,,,,,,,,,,mu,,,,,aware,,,,,,,,,,,aware,,,,,,,,,,,,,,,takaburi,,,,,,,,,,,,,mu,yorokobi,,,,,,,,,,
yuicoi68,621,yorokobi,,,,,,,,,,,,,,,aware,,,,,,,,,,ikari,,,,,,,,,,,ikari,,,,,,,,,,,,,,,,,,mu,,suki,,,,,,,,,,,,,,,,,,,,mu,,suki,,,,,,,,,,,,,,aware,,,,,,,,,,,aware,,,,,,,,suki,,,,,,,,,,,,,,,,,iya,,,,,,,,,,,,takaburi,,,,,,,,,,,,,mu,,,,,,,,,,,mu,,,,,,,,iya,,,,,,,,,,,iya,,,,,,,,,,,iya,,,,,,,,,,,iya,,,,,,,,,,haji,,,,,,,,,,,,,takaburi,,,yorokobi,,,,,,,,,,,yorokobi,,,,,,,,,,,yorokobi,,,,,,,,,,,,,,,,,,,,,mu,yorokobi,,,,,,,,,,,yorokobi,,,,,,,,,,,,,,,,,,iya,,,,yorokobi,,,,,,,,,,,yorokobi,,,,,,,,,,,,,yasu,,,,,,,,,,,yasu,,,,,,,,,yorokobi,,yasu,,,,,,,,,,,,,,,,,takaburi,,,yorokobi,,,,,,,,,,,yorokobi,,,,,,,,,,,yorokobi,,,,,,,,,,,yorokobi,,,,,,,,,,,,,yasu,,,,,,,,,,,,,,,,iya,,,,,,,,,kowa,,,,,,,,,,aware,,,,,,,,,,,aware,,,,,,,,,,ikari,,,,,,,,,,,ikari,,,,,,,,,,,,,,,,takaburi,,,,,yasu,,,,,,,,,yorokobi,,,,,,,,,,,,,,,,,,iya,,,,,,,,,,,,takaburi,,,,,,,,,,,,,mu,yorokobi,,,,,,,,,,,,,,,,,,iya,,,,,,,,,,,,,,mu,,,,ikari,,,,,,,,,,,,,,,iya,,,,,,,,aware,,,,,,,,,,,aware,,,,,,,,,,,aware,,,,,,,,,,ikari,,,,,,,,,,,,,,,iya,,,,,,,,,,,,,,mu,yorokobi,,,,,,,,,,
inui,3261,,suki,,,,,,,takaburi,odoroki,,,,yasu,,aware,kowa,,,,,,,,,ikari,aware,,,iya,,,,,,,ikari,,,,iya,takaburi,,,,,yasu,,,,,,,,,yorokobi,suki,yasu,,,,,,,,,,,yasu,,,kowa,,,,,,,suki,,,,,,,takaburi,,,,suki,,,aware,kowa,,,,,,,,,,aware,kowa,,iya,,,,,,yasu,,,,,,,,,,,,,,kowa,,iya,,,,,,yasu,,,kowa,,,,,,,suki,yasu,,,kowa,,,,,,,,,,,,,,,,mu,,,,,aware,,,iya,,,,,,,,,,,,,,mu,,,,,,,,iya,takaburi,,,,,,,,,,,,,mu,,,yasu,,,,,,,,,yorokobi,suki,,,,,,,takaburi,odoroki,,,,yasu,,,,,,,,,,suki,yasu,,,,,,,,,yorokobi,,yasu,,,,,,,,,,,yasu,,,,haji,,,,,yorokobi,suki,yasu,,,,,,,,,,,yasu,,,,,,,,,,,,ikari,,,,iya,,,,yorokobi,,yasu,,,,,,takaburi,,,yorokobi,,yasu,,,,,,,,,yorokobi,suki,yasu,,,,,,takaburi,odoroki,,yorokobi,suki,yasu,,,,,,,,,yorokobi,suki,yasu,,,,,,takaburi,,,yorokobi,,,,,,,,takaburi,,,yorokobi,,,,,,,,takaburi,,,yorokobi,suki,,,,,,,takaburi,,,yorokobi,suki,yasu,,,,,,,,,yorokobi,suki,,,,,,,,,,yorokobi,,,,,,,,,,,,,,,,kowa,,iya,,odoroki,,,,,,aware,kowa,,iya,,,,,,,,aware,kowa,,iya,,,,,,,,aware,kowa,,iya,,,,,,,ikari,,,,,takaburi,,,,,,ikari,,,,iya,takaburi,,,,,yasu,,,,,,,,,,suki,yasu,,,,,,,,,,suki,yasu,,,,,,,,,,,,,,,,,,,mu,yorokobi,,yasu,,,,,,takaburi,,,yorokobi,suki,yasu,,,,,,,,,yorokobi,suki,yasu,,,,,,takaburi,,,,,,,,,,iya,takaburi,odoroki,,,,yasu,,,,,,,,,,,,ikari,,,,iya,,,,,,,ikari,,kowa,,iya,,,,,,,,aware,kowa,,iya,,,,,,,,aware,,,iya,,,,,,,,aware,kowa,,,,,,,,,,,,,iya,takaburi,,,,,,,,,,iya,takaburi,,,,,,,,,haji,,takaburi,,,yorokobi,suki,yasu,,,,,iya,,,
tokihi,2708,,,,,,,,,takaburi,,,,,,ikari,aware,,,iya,,,,,,,ikari,aware,kowa,,iya,,,,,,,ikari,,,,iya,takaburi,,,,,,ikari,,,,,,,,yorokobi,suki,,,,,,,,,,,,,,,,,,,,mu,,suki,,,,,,,,,,,,,,aware,,,,,,,,,,,aware,kowa,,,,,,,,,,,,,,,,mu,,,,,aware,,,,,,,,,,,,,,,,,mu,,,,,,,,,,,mu,,,,,,,,,,,mu,,,,,aware,,,,,,,,,,,,,,,,,mu,,,,,,,,,,,mu,,,,,,,,,,,mu,,,,,,,,,,,mu,yorokobi,,,,,,,,,odoroki,,,,,,,,,,takaburi,,,,,,,,,,,takaburi,,,,,,,,,,,takaburi,,,,,,,,,,,,,mu,yorokobi,suki,,,,,,,,,,,,,,,,,,takaburi,,,,,,,,,,iya,,,,,,,,,,,,takaburi,,,yorokobi,,,,,,,,takaburi,,,yorokobi,,yasu,,,,,,,,,,,,,,,,,,,mu,,,yasu,,,,,,,,,,,,,,,,,,,mu,,,,,,,,,,,mu,yorokobi,suki,,,,,,,,odoroki,,yorokobi,suki,,,,,,,,,,yorokobi,suki,,,,,,,,,,yorokobi,,yasu,,,,,,,,,,,,,,,,,,,mu,,,,,aware,,,,,,,,,,,aware,,,,,,,,,,,aware,,,iya,,,,,,,ikari,aware,,,iya,takaburi,,,,,,ikari,aware,,,,,,,,,,,,,,,,,mu,,,yasu,,,,,,,,,,,,,,,,,,,mu,,,,,,kowa,,iya,,,,,suki,,,,,,,,,,,,,,,,,,,,mu,,suki,,,,,,,,,,,,,,,,,,,odoroki,,,suki,,,,,,,,,,,,,,,,,iya,,,,,,,,,,,iya,,,,,,,,,,,iya,,,,,,,,,,,iya,,,,,,,,aware,kowa,,iya,,,,,,,,aware,,,iya,,,,,,,,,,,iya,,,,,,,,,,haji,,,,,yorokobi,,,,,,,,takaburi,,
